Name_file,Type,Image_array
Autres\cat_1,Autre,"[[206 182 160 ... 149 148 172]
 [214 195 201 ... 204 193 178]
 [221 214 213 ... 243 217 179]
 ...
 [  0   0   0 ...   0   0   0]
 [  0   0   0 ...   0   0   0]
 [  0   0   0 ...   0   0   0]]"
Autres\cat_10,Autre,"[[110 114 139 ...  50 106 142]
 [103 145 189 ...  91 108 142]
 [105 172 205 ... 112 100 141]
 ...
 [  0   0   0 ...   0   0  12]
 [  0   0   0 ...   0   0  12]
 [  0   0   0 ...   0   0  12]]"
Autres\cat_101,Autre,"[[131 127 112 ...  91 117 149]
 [139 124  13 ...  34 112 154]
 [136 120  26 ...  36 113 154]
 ...
 [  0   0   0 ...   0   0   0]
 [  0   0   0 ...   0   0   0]
 [  0   0   0 ...   0   0   0]]"
Autres\cat_102,Autre,"[[138 113  84 ... 155 157 151]
 [137 114  10 ...  29  35  73]
 [135 113  18 ...   0   0  70]
 ...
 [  0   0   0 ...   0   0   0]
 [  0   0   0 ...   0   0   0]
 [  0   0   0 ...   0   0   0]]"
Autres\cat_103,Autre,"[[176 167 164 ... 158 151 143]
 [120  84  37 ...  26  44  71]
 [124  95  51 ...  58  62  80]
 ...
 [  0   0   0 ...   0   0   0]
 [  0   0   0 ...   0   0   0]
 [  0   0   0 ...   0   0   0]]"
Autres\cat_105,Autre,"[[255 254 255 ... 235 243 244]
 [247 237 246 ... 244 254 255]
 [243 254 241 ... 245 248 238]
 ...
 [  0   0   0 ...   0   0   0]
 [  0   0   0 ...   0   0   0]
 [  0   0   0 ...   0   0   0]]"
Autres\cat_106,Autre,"[[242 251 233 ... 233 246 215]
 [255 255 239 ... 251 254 251]
 [236 254 254 ... 247 245 255]
 ...
 [  0   0   0 ...   0   0   0]
 [  0   0   0 ...   0   0   0]
 [  0   0   0 ...   0   0   0]]"
Autres\cat_107,Autre,"[[211 216 234 ... 255 255 255]
 [184 213 235 ... 238 229 232]
 [183 207 225 ... 215 227 237]
 ...
 [  0   0   0 ...   0   0   0]
 [  0   0   0 ...   0   0   0]
 [  0   0   0 ...   0   0   0]]"
Autres\cat_109,Autre,"[[0 0 0 ... 0 0 0]
 [0 0 0 ... 0 0 0]
 [0 0 0 ... 0 0 0]
 ...
 [0 0 0 ... 0 0 0]
 [0 0 0 ... 0 0 0]
 [0 0 0 ... 0 0 0]]"
Autres\cat_11,Autre,"[[148 124 113 ... 136 167 197]
 [166 152 147 ... 101 162 190]
 [156 139 137 ... 127 154 185]
 ...
 [  0   0   0 ...   0   0   0]
 [  0   0   0 ...   0   0   0]
 [  0   0   0 ...   0   0   0]]"
Autres\cat_112,Autre,"[[171 167 124 ... 180 166 162]
 [199 179  79 ... 218 199 194]
 [205 194 192 ... 211 178 189]
 ...
 [  0   0   0 ...   0   0   0]
 [  0   0   0 ...   0   0   0]
 [  0   0   0 ...   0   0   0]]"
Autres\cat_114,Autre,"[[  0 243 236 ... 222 188 244]
 [  0 247 228 ... 214 196 239]
 [  0 249 223 ... 214 192 239]
 ...
 [  0   0   0 ...   0   0   0]
 [  0   0   0 ...   0   0   0]
 [  0   0   0 ...   0   0   0]]"
Autres\cat_115,Autre,"[[109 100 142 ... 147 151 196]
 [112 120 155 ... 179 178 195]
 [153 170 179 ... 187 200 218]
 ...
 [  0   0   0 ...   0   0   0]
 [  0   0   0 ...   0   0   0]
 [  0   0   0 ...   0   0   0]]"
Autres\cat_116,Autre,"[[202 200 157 ... 160 159 188]
 [205 213 230 ... 232 238 233]
 [243 240 229 ... 250 255 252]
 ...
 [  0   0   0 ...   0   0   0]
 [  0   0   0 ...   0   0   0]
 [  0   0   0 ...   0   0   0]]"
Autres\cat_117,Autre,"[[213 193 152 ... 154 180 216]
 [212 222 207 ... 221 228 211]
 [228 233 215 ... 234 247 231]
 ...
 [  0   0   0 ...   0   0   0]
 [  0   0   0 ...   0   0   0]
 [  0   0   0 ...   0   0   0]]"
Autres\cat_118,Autre,"[[128 142 149 ... 172 165 199]
 [212 205 183 ... 219 213 229]
 [223 215 194 ... 240 236 249]
 ...
 [ 12   7   0 ...   0   0   0]
 [ 12   6   0 ...   0   0   0]
 [ 12   6   0 ...   0   0   0]]"
Autres\cat_12,Autre,"[[157 139 119 ... 143 142 156]
 [160 145 111 ... 136 146 167]
 [160 144 115 ... 122 152 180]
 ...
 [  0   0   0 ...   0   0   0]
 [  0   0   0 ...   0   0   0]
 [  0   0   0 ...   0   0   0]]"
Autres\cat_122,Autre,"[[ 59  65  35 ...   0  65 104]
 [ 58  64  40 ...   3  67 106]
 [ 64  60  31 ...  10  67 105]
 ...
 [  0   0   0 ...   0   0   0]
 [  0   0   0 ...   0   0   0]
 [  0   0   0 ...   0   0   0]]"
Autres\cat_123,Autre,"[[  0   0 187 ... 123 151 186]
 [  0   6 189 ... 138 177 204]
 [  0  15 190 ... 170 213 233]
 ...
 [  0   0   0 ...   0   0   0]
 [  0   0   0 ...   0   0   0]
 [  0   0   0 ...   0   0   0]]"
Autres\cat_125,Autre,"[[241 255 255 ... 254 255 255]
 [254 230 203 ...  77  64  55]
 [248 206 182 ...  68  59  63]
 ...
 [  0   0   0 ...   0   0   0]
 [  0   0   0 ...   0   0   0]
 [  0   0   0 ...   0   0   0]]"
Autres\cat_126,Autre,"[[234 220 204 ... 115  97 114]
 [169 169 187 ... 116  81 111]
 [118 142 132 ... 106 102 100]
 ...
 [  7   0   0 ...   0   0   0]
 [  7   0   0 ...   0   0   0]
 [  6   0   0 ...   0   0   0]]"
Autres\cat_127,Autre,"[[138 125 131 ... 115 122 156]
 [160 147 109 ... 103 107 148]
 [156 141 109 ... 100  97 142]
 ...
 [  0   0   0 ...   0   0   4]
 [  0   0   0 ...   0   0   4]
 [  0   0   0 ...   0   0   4]]"
Autres\cat_128,Autre,"[[255 254 255 ... 162 171 199]
 [235 252 243 ... 164 194 217]
 [193 218 240 ... 185 199 222]
 ...
 [  0   0   0 ...   0   0   0]
 [  0   0   0 ...   0   0   0]
 [  0   0   0 ...   0   0   0]]"
Autres\cat_129,Autre,"[[ 86  96  73 ...  34 110 139]
 [109  97  78 ...  82 109 146]
 [109 103  91 ...  96 126 145]
 ...
 [  0   0   0 ...   0   0   0]
 [  0   0   0 ...   0   0   0]
 [  0   0   0 ...   0   0   0]]"
Autres\cat_13,Autre,"[[105 109  78 ... 113 138 181]
 [144 119  73 ...  93 110 176]
 [160 138  87 ... 135 124 177]
 ...
 [  0   0   0 ...   0   0   0]
 [  0   0   0 ...   0   0   0]
 [  0   0   0 ...   0   0   0]]"
Autres\cat_132,Autre,"[[ 79  91  58 ...  52  79  97]
 [103  89  45 ...  60  73  86]
 [ 89  97 108 ...  83  67  83]
 ...
 [  0   0   0 ...   0   0   0]
 [  0   0   0 ...   0   0   0]
 [  0   0   0 ...   0   0   0]]"
Autres\cat_136,Autre,"[[255 255 254 ... 255 255 255]
 [212 196 149 ... 187 182 182]
 [212 192 126 ... 173 169 154]
 ...
 [  0   0   0 ...   0   0   0]
 [  0   0   0 ...   0   0   0]
 [  0   0   0 ...   0   0   0]]"
Autres\cat_14,Autre,"[[107  98  94 ...   0   0   0]
 [ 88  75 111 ...   0   0   0]
 [ 56  95 141 ...   0   0   0]
 ...
 [ 54  30   0 ...   0   0   0]
 [ 54  29   0 ...   0   0   0]
 [ 54  29   0 ...   0   0   0]]"
Autres\cat_143,Autre,"[[239 254 255 ... 107 108 118]
 [201 254 252 ... 122 149 152]
 [177 241 229 ... 151 160 145]
 ...
 [  0   0   0 ...   0   0   0]
 [  0   0   0 ...   0   0   0]
 [  0   0   0 ...   0   0   0]]"
Autres\cat_146,Autre,"[[163 167 186 ... 166 190 241]
 [157 172 201 ... 181 179 229]
 [207 224 244 ... 223 192 222]
 ...
 [  0   0   0 ...   0   0   0]
 [  0   0   0 ...   0   0   0]
 [  0   0   0 ...   0   0   0]]"
Autres\cat_147,Autre,"[[231 214 193 ... 201 182 182]
 [237 221 196 ... 196 198 202]
 [253 242 225 ... 214 212 194]
 ...
 [  0   0   0 ...   0   0  18]
 [  0   0   0 ...   0   0  19]
 [  0   0   0 ...   0   0  19]]"
Autres\cat_148,Autre,"[[217 223 205 ... 190 178 193]
 [219 225 207 ... 216 206 205]
 [224 234 235 ... 221 184 186]
 ...
 [  0   0   0 ...   0   0   0]
 [  0   0   0 ...   0   0   0]
 [  0   0   0 ...   0   0   0]]"
Autres\cat_152,Autre,"[[153 186 209 ... 180 168 170]
 [160 198 233 ... 203 201 187]
 [145 186 211 ... 195 200 181]
 ...
 [  0   0   0 ...   0   0  25]
 [  0   0   0 ...   0   0  25]
 [  0   0   0 ...   0   0  25]]"
Autres\cat_153,Autre,"[[255 245 236 ... 197 230 228]
 [247 255 255 ... 244 255 255]
 [221 242 249 ... 254 236 233]
 ...
 [  0   0   0 ...   0   0   0]
 [  0   0   0 ...   0   0   0]
 [  0   0   0 ...   0   0   0]]"
Autres\cat_154,Autre,"[[254 255 254 ... 237 231 251]
 [220 244 250 ... 255 254 255]
 [201 218 229 ... 221 220 232]
 ...
 [  0   0   0 ...   0   0   0]
 [  0   0   0 ...   0   0   0]
 [  0   0   0 ...   0   0   0]]"
Autres\cat_157,Autre,"[[129 255 255 ... 255 255 255]
 [212 246 228 ... 241 234 216]
 [120 227 205 ... 206 199 207]
 ...
 [  0   0   0 ...   0   0   0]
 [  0   0   0 ...   0   0   0]
 [  0   0   0 ...   0   0   0]]"
Autres\cat_159,Autre,"[[255 255 255 ... 252 244 249]
 [235 232 236 ... 229 240 228]
 [233 236 232 ... 255 236 227]
 ...
 [  0   0   0 ...   0   0   0]
 [  0   0   0 ...   0   0   0]
 [  0   0   0 ...   0   0   0]]"
Autres\cat_16,Autre,"[[239 255 251 ... 255 255 255]
 [244 253 254 ... 253 229 209]
 [255 220 213 ... 222 181 165]
 ...
 [  0   0   0 ...   0   0   0]
 [  0   0   0 ...   0   0   0]
 [  0   0   0 ...   0   0   0]]"
Autres\cat_160,Autre,"[[232 253 240 ... 255 255 228]
 [255 255 255 ... 252 252 218]
 [242 240 230 ... 244 242 184]
 ...
 [  0   0   0 ...   0   0   0]
 [  0   0   0 ...   0   0   0]
 [  0   0   0 ...   0   0   0]]"
Autres\cat_161,Autre,"[[240 229 231 ... 231 231 243]
 [255 254 255 ... 254 255 255]
 [217 223 235 ... 228 238 244]
 ...
 [  0   0   0 ...   0   0   0]
 [  0   0   0 ...   0   0   0]
 [  0   0   0 ...   0   0   0]]"
Autres\cat_162,Autre,"[[255 255 254 ... 255 254 254]
 [251 233 252 ... 213 222 231]
 [238 185 217 ... 182 179 226]
 ...
 [  0   0   0 ...   0   0   0]
 [  0   0   0 ...   0   0   0]
 [  0   0   0 ...   0   0   0]]"
Autres\cat_163,Autre,"[[255 254 255 ... 253 239 255]
 [250 253 249 ... 255 255 238]
 [230 236 216 ... 218 242 237]
 ...
 [  0   0   0 ...   0   0   0]
 [  0   0   0 ...   0   0   0]
 [  0   0   0 ...   0   0   0]]"
Autres\cat_164,Autre,"[[219 228 190 ... 200 180 171]
 [175 199 204 ... 141 165 186]
 [189 208 223 ... 183 175 164]
 ...
 [  0   0   0 ...   0   0   0]
 [  0   0   0 ...   0   0   0]
 [  0   0   0 ...   0   0   0]]"
Autres\cat_165,Autre,"[[128 116  72 ... 106 130 144]
 [136 123  77 ... 135 149 172]
 [130 114  56 ... 123 138 156]
 ...
 [  0   0   0 ...   0   0   0]
 [  0   0   0 ...   0   0   0]
 [  0   0   0 ...   0   0   0]]"
Autres\cat_166,Autre,"[[0 0 0 ... 0 0 0]
 [0 0 0 ... 0 0 0]
 [0 0 0 ... 0 0 0]
 ...
 [0 0 0 ... 0 0 0]
 [0 0 0 ... 0 0 0]
 [0 0 0 ... 0 0 0]]"
Autres\cat_167,Autre,"[[101  96  79 ...   8  63 105]
 [129 119  83 ...  24  48  86]
 [127 104 102 ...  37  50  54]
 ...
 [  0   0   0 ...   0   0   0]
 [  0   0   0 ...   0   0   0]
 [  0   0   0 ...   0   0   0]]"
Autres\cat_2,Autre,"[[156 128 114 ... 128 161 192]
 [179 149 154 ... 204 169 191]
 [198 204 196 ... 222 184 199]
 ...
 [  0   0   0 ...   0   0   0]
 [  0   0   0 ...   0   0   0]
 [  0   0   0 ...   0   0   0]]"
Autres\cat_21,Autre,"[[177 165 134 ... 125  95  93]
 [184 177 170 ... 113  91  85]
 [173 175 200 ... 148 141 124]
 ...
 [  0   0   0 ...   0   0  21]
 [  0   0   0 ...   0   0  20]
 [  0   0   0 ...   0   0  20]]"
Autres\cat_22,Autre,"[[197 183 173 ... 144 163 192]
 [203 197 153 ... 137 165 202]
 [203 187 175 ... 195 199 218]
 ...
 [  0   0   0 ...   0   0   0]
 [  0   0   0 ...   0   0   0]
 [  0   0   0 ...   0   0   0]]"
Autres\cat_23,Autre,"[[176 164 167 ... 160 154 216]
 [164 142 146 ... 163 186 228]
 [223 199 165 ... 164 211 237]
 ...
 [  0   0   0 ...   0   0   0]
 [  0   0   0 ...   0   0   0]
 [  0   0   0 ...   0   0   0]]"
Autres\cat_25,Autre,"[[209 215 213 ... 198 190 213]
 [184 209 208 ... 186 191 232]
 [198 234 224 ... 218 219 241]
 ...
 [  0   0   0 ...   0   0   0]
 [  0   0   0 ...   0   0   0]
 [  0   0   0 ...   0   0   0]]"
Autres\cat_28,Autre,"[[163 177 140 ... 254 253 248]
 [180 182 151 ... 244 232 248]
 [157 166 153 ... 218 207 227]
 ...
 [  0   0   0 ...   0   0   0]
 [  0   0   0 ...   0   0   0]
 [  0   0   0 ...   0   0   0]]"
Autres\cat_29,Autre,"[[253 233 214 ... 241 242 194]
 [255 242 199 ... 238 217 197]
 [240 225 202 ... 246 243 232]
 ...
 [  0   0   0 ...   0   0   0]
 [  0   0   0 ...   0   0   0]
 [  0   0   0 ...   0   0   0]]"
Autres\cat_3,Autre,"[[199 167 171 ... 159 158 189]
 [199 199 217 ... 190 224 227]
 [212 215 235 ... 232 255 227]
 ...
 [  0   0   0 ...   0   0   0]
 [  0   0   0 ...   0   0   0]
 [  0   0   0 ...   0   0   0]]"
Autres\cat_30,Autre,"[[245 245 242 ... 217 178 151]
 [216 233 240 ... 214 180 171]
 [231 230 247 ... 214 196 185]
 ...
 [  0   0   0 ...   0   0   0]
 [  0   0   0 ...   0   0   0]
 [  0   0   0 ...   0   0   0]]"
Autres\cat_31,Autre,"[[224 227 194 ... 199 239 254]
 [254 255 239 ... 209 227 220]
 [234 233 206 ... 205 216 206]
 ...
 [  0   0   0 ...   0   0   0]
 [  0   0   0 ...   0   0   0]
 [  0   0   0 ...   0   0   0]]"
Autres\cat_34,Autre,"[[  0  62 104 ... 231 192 160]
 [ 77 103 124 ... 205 234 248]
 [ 74 118 122 ... 226 255 243]
 ...
 [  0   0   0 ...   0   0   0]
 [  0   0   0 ...   0   0   0]
 [  0   0   0 ...   0   0   0]]"
Autres\cat_35,Autre,"[[140 157 184 ... 246 227 250]
 [194 194 187 ... 236 240 239]
 [198 193 175 ... 254 255 254]
 ...
 [ 11   0   0 ...   0   0   0]
 [ 11   0   0 ...   0   0   0]
 [ 11   0   0 ...   0   0   0]]"
Autres\cat_36,Autre,"[[240 255 255 ... 234 255 255]
 [206 231 240 ... 251 215 241]
 [195 196 214 ... 255 225 246]
 ...
 [  0   0   0 ...   0   0   0]
 [  0   0   0 ...   0   0   0]
 [  0   0   0 ...   0   0   0]]"
Autres\cat_37,Autre,"[[245 253 244 ... 255 255 255]
 [255 244 255 ... 253 235 236]
 [243 255 253 ... 213 202 210]
 ...
 [  0   0   0 ...   0   0   0]
 [  0   0   0 ...   0   0   0]
 [  0   0   0 ...   0   0   0]]"
Autres\cat_38,Autre,"[[  0 100 234 ... 223 205 205]
 [  0 151 249 ... 248 229 235]
 [  0 127 254 ... 255 255 255]
 ...
 [  0   0   0 ...   0   0   0]
 [  0   0   0 ...   0   0   0]
 [  0   0   0 ...   0   0   0]]"
Autres\cat_39,Autre,"[[254 253 253 ... 254 255 255]
 [237 255 255 ... 224 232 232]
 [205 242 252 ... 198 204 194]
 ...
 [  0   0   0 ...   0   0   0]
 [  0   0   0 ...   0   0   0]
 [  0   0   0 ...   0   0   0]]"
Autres\cat_40,Autre,"[[255 246 236 ... 179 151 163]
 [238 223 236 ... 177 197 194]
 [233 249 255 ... 204 206 194]
 ...
 [  0   0   0 ...   0   0   2]
 [  0   0   0 ...   0   0   2]
 [  0   0   0 ...   0   0   2]]"
Autres\cat_41,Autre,"[[205 215 209 ... 211 223 223]
 [207 229 212 ... 250 230 220]
 [220 222 212 ... 254 245 245]
 ...
 [  0   0   0 ...   0   0   0]
 [  0   0   0 ...   0   0   0]
 [  0   0   0 ...   0   0   0]]"
Autres\cat_42,Autre,"[[255 240 229 ... 218 229 252]
 [248 250 252 ... 239 251 255]
 [193 217 231 ... 223 224 219]
 ...
 [  0   0   0 ...   0   0   0]
 [  0   0   0 ...   0   0   0]
 [  0   0   0 ...   0   0   0]]"
Autres\cat_43,Autre,"[[238 235 235 ... 125 176 226]
 [255 255 255 ... 205 232 231]
 [220 232 233 ... 244 244 255]
 ...
 [  0   0   0 ...   0   0   0]
 [  0   0   0 ...   0   0   0]
 [  0   0   0 ...   0   0   0]]"
Autres\cat_44,Autre,"[[166 166 175 ... 247 253 255]
 [175 202 206 ... 254 255 238]
 [192 205 214 ... 237 246 243]
 ...
 [  0   0   0 ...   0   0   0]
 [  0   0   0 ...   0   0   0]
 [  0   0   0 ...   0   0   0]]"
Autres\cat_45,Autre,"[[167 157 118 ... 166 169 158]
 [138 131 113 ... 170 165 141]
 [149 144 121 ... 145 139 151]
 ...
 [  0   0   0 ...   0   0   0]
 [  0   0   0 ...   0   0   0]
 [  0   0   0 ...   0   0   0]]"
Autres\cat_46,Autre,"[[  0   0  25 ...  53  49  98]
 [  0  16  21 ...   5  59 100]
 [ 34  46  24 ...  24  57 100]
 ...
 [  0   0   0 ...   0   0   0]
 [  0   0   0 ...   0   0   0]
 [  0   0   0 ...   0   0   0]]"
Autres\cat_47,Autre,"[[ 18   0   0 ...  65  66 100]
 [ 36   0   0 ...  46  62  91]
 [ 34  36  68 ...  12  33  79]
 ...
 [  0   0   0 ...   0   0   0]
 [  0   0   0 ...   0   0   0]
 [  0   0   0 ...   0   0   0]]"
Autres\cat_48,Autre,"[[104  72   0 ...   0   0 107]
 [105  74  19 ...   9  20 131]
 [ 98  66  38 ...  36  84 179]
 ...
 [  0   0   0 ...   0   0   0]
 [  0   0   0 ...   0   0   0]
 [  0   0   0 ...   0   0   0]]"
Autres\cat_49,Autre,"[[180 151 118 ... 114 134 162]
 [158 177 169 ... 165 167 194]
 [187 208 220 ... 212 217 212]
 ...
 [  0   0   0 ...   0   0   0]
 [  0   0   0 ...   0   0   0]
 [  0   0   0 ...   0   0   0]]"
Autres\cat_5,Autre,"[[238 228 219 ... 236 247 255]
 [240 242 230 ... 255 255 250]
 [210 223 215 ... 227 218 210]
 ...
 [  0   0   0 ...   0   0   0]
 [  0   0   0 ...   0   0   0]
 [  0   0   0 ...   0   0   0]]"
Autres\cat_50,Autre,"[[212 180 127 ...   0   0   0]
 [227 193 151 ...   0   0   0]
 [247 219 202 ...   0   0   0]
 ...
 [  0   0   0 ...   0   0   0]
 [  0   0   0 ...   0   0   0]
 [  0   0   0 ...   0   0   0]]"
Autres\cat_51,Autre,"[[214 196 142 ... 208 213 221]
 [238 222 169 ... 231 229 213]
 [236 225 178 ... 223 245 221]
 ...
 [  0   0   0 ...   0   0   4]
 [  0   0   0 ...   0   0   4]
 [  0   0   0 ...   0   0   4]]"
Autres\cat_57,Autre,"[[186 162 146 ... 121 123 158]
 [193 167 161 ... 146 131 168]
 [201 186 184 ... 172 148 156]
 ...
 [  0   0   0 ...   0   0   0]
 [  0   0   0 ...   0   0   0]
 [  0   0   0 ...   0   0   0]]"
Autres\cat_58,Autre,"[[193 166 100 ...  74  73 120]
 [195 163  80 ...  75 105 142]
 [204 176 133 ...  78 108 152]
 ...
 [  0   0   0 ...   0   0   0]
 [  0   0   0 ...   0   0   0]
 [  0   0   0 ...   0   0   0]]"
Autres\cat_59,Autre,"[[150 129 104 ...  96  88  64]
 [171 154 113 ... 114  97  91]
 [164 178 171 ... 134 125 116]
 ...
 [  9   0   0 ...   0   0   0]
 [  9   0   0 ...   0   0   0]
 [  9   0   0 ...   0   0   0]]"
Autres\cat_6,Autre,"[[255 254 255 ... 244 239 234]
 [236 247 249 ... 252 250 242]
 [206 236 252 ... 255 255 253]
 ...
 [  0   0   0 ...   0   0   0]
 [  0   0   0 ...   0   0   0]
 [  0   0   0 ...   0   0   0]]"
Autres\cat_60,Autre,"[[231 225 220 ... 218 212 210]
 [229 211 189 ... 185 190 207]
 [255 245 241 ... 240 240 233]
 ...
 [  0   0   0 ...   0   0   0]
 [  0   0   0 ...   0   0   0]
 [  0   0   0 ...   0   0   0]]"
Autres\cat_61,Autre,"[[160 134  93 ... 216 209 244]
 [171 133  96 ... 216 208 249]
 [170 132 120 ... 230 232 255]
 ...
 [  0   0   0 ...   0   0   0]
 [  0   0   0 ...   0   0   0]
 [  0   0   0 ...   0   0   0]]"
Autres\cat_62,Autre,"[[249 251 222 ... 149 152 141]
 [186 237 249 ... 155 130 162]
 [213 235 255 ... 138 129 183]
 ...
 [  0   0   0 ...   0   0   0]
 [  0   0   0 ...   0   0   0]
 [  0   0   0 ...   0   0   0]]"
Autres\cat_63,Autre,"[[245 226 205 ... 194 187 212]
 [255 220 211 ... 199 205 224]
 [245 239 224 ... 238 194 214]
 ...
 [  0   0   0 ...   0   0   0]
 [  0   0   0 ...   0   0   0]
 [  0   0   0 ...   0   0   0]]"
Autres\cat_64,Autre,"[[173 142 105 ...  71  79  56]
 [194 166 113 ... 111 115  75]
 [215 186 128 ... 159 142 135]
 ...
 [  0   0   0 ...   0   0   0]
 [  0   0   0 ...   0   0   0]
 [  0   0   0 ...   0   0   0]]"
Autres\cat_65,Autre,"[[133 108  93 ...  24 104 136]
 [141 143 144 ...  28 107 138]
 [118 131 145 ...  35 107 140]
 ...
 [  0   0   0 ...   0   0   0]
 [  0   0   0 ...   0   0   0]
 [  0   0   0 ...   0   0   0]]"
Autres\cat_69,Autre,"[[255 254 254 ... 255 255 251]
 [244 237 225 ... 253 240 255]
 [201 195 202 ... 226 218 225]
 ...
 [  0   0   0 ...   0   0   0]
 [  0   0   0 ...   0   0   0]
 [  0   0   0 ...   0   0   0]]"
Autres\cat_7,Autre,"[[230 236 241 ... 221 255 255]
 [255 254 255 ... 233 251 248]
 [249 250 233 ... 254 246 218]
 ...
 [  0   0   0 ...   0   0   0]
 [  0   0   0 ...   0   0   0]
 [  0   0   0 ...   0   0   0]]"
Autres\cat_71,Autre,"[[200 249 254 ... 185 158  92]
 [238 248 255 ... 200 175 137]
 [255 254 225 ... 178 164 153]
 ...
 [  0   0   0 ...   0   0  17]
 [  0   0   0 ...   0   0  17]
 [  0   0   0 ...   0   0  17]]"
Autres\cat_72,Autre,"[[235 255 245 ... 250 255 254]
 [245 242 255 ... 255 244 247]
 [255 239 249 ... 251 227 202]
 ...
 [  0   0   0 ...   0   0   0]
 [  0   0   0 ...   0   0   0]
 [  0   0   0 ...   0   0   0]]"
Autres\cat_73,Autre,"[[255 254 235 ... 249 254 250]
 [221 247 250 ... 249 246 255]
 [219 238 255 ... 230 215 236]
 ...
 [  0   0   0 ...   0   0   0]
 [  0   0   0 ...   0   0   0]
 [  0   0   0 ...   0   0   0]]"
Autres\cat_74,Autre,"[[255 252 255 ... 255 251 240]
 [240 255 233 ... 241 241 244]
 [214 224 224 ... 223 234 209]
 ...
 [  0   0   0 ...   0   0   0]
 [  0   0   0 ...   0   0   0]
 [  0   0   0 ...   0   0   0]]"
Autres\cat_78,Autre,"[[180 170 166 ... 223 200 203]
 [160 143 147 ... 255 255 227]
 [136 119 118 ... 247 250 254]
 ...
 [  0   0   0 ...   0   0   0]
 [  0   0   0 ...   0   0   0]
 [  0   0   0 ...   0   0   0]]"
Autres\cat_79,Autre,"[[ 44   0   0 ...   0  54  98]
 [ 46   0   0 ...   0  57 100]
 [ 77  21   0 ...   0  57 100]
 ...
 [  0   0   0 ...   0   0   0]
 [  0   0   0 ...   0   0   0]
 [  0   0   0 ...   0   0   0]]"
Autres\cat_80,Autre,"[[101 138 165 ... 158 168 177]
 [121 130 148 ... 155 160 130]
 [127 145 150 ... 138 152 139]
 ...
 [  0   0   0 ...   0   0   0]
 [  0   0   0 ...   0   0   0]
 [  0   0   0 ...   0   0   0]]"
Autres\cat_81,Autre,"[[163 152 157 ... 156 170 178]
 [137 129 139 ... 158 148 173]
 [128 120 113 ... 135 137 145]
 ...
 [  0   0   0 ...   0   0   0]
 [  0   0   0 ...   0   0   0]
 [  0   0   0 ...   0   0   0]]"
Autres\cat_82,Autre,"[[189 198 193 ... 158 177 171]
 [120 148 172 ... 169 173 120]
 [169 160 156 ... 153 161 137]
 ...
 [  0   0   0 ...   0   0   0]
 [  0   0   0 ...   0   0   0]
 [  0   0   0 ...   0   0   0]]"
Autres\cat_84,Autre,"[[  0   0 146 ... 165 132 114]
 [  0   0 146 ... 189 164 124]
 [  0   0 139 ... 179 174 162]
 ...
 [  0   0   0 ...   0   0   0]
 [  0   0   0 ...   0   0   0]
 [  0   0   0 ...   0   0   0]]"
Autres\cat_87,Autre,"[[146 131 125 ... 133 133 132]
 [141 129 106 ...  87 118 156]
 [147 136 126 ... 111 113 159]
 ...
 [  0   0   0 ...   0   0   0]
 [  0   0   0 ...   0   0   0]
 [  0   0   0 ...   0   0   0]]"
Autres\cat_88,Autre,"[[170 157 140 ... 119 141 167]
 [142 139 143 ...  60  94 136]
 [145 140 129 ...  85 137 158]
 ...
 [  0   0   0 ...   0   0   0]
 [  0   0   0 ...   0   0   0]
 [  0   0   0 ...   0   0   0]]"
Autres\cat_89,Autre,"[[167 161 161 ... 130 159 177]
 [160 142 112 ... 138 141 181]
 [174 154 109 ... 148 137 172]
 ...
 [  0   0   0 ...   0   0   0]
 [  0   0   0 ...   0   0   0]
 [  0   0   0 ...   0   0   0]]"
Autres\cat_90,Autre,"[[255 255 255 ... 220 196 156]
 [235 238 239 ... 208 204 172]
 [220 221 229 ... 211 192 162]
 ...
 [  0   0   0 ...   0   0   0]
 [  0   0   0 ...   0   0   0]
 [  0   0   0 ...   0   0   0]]"
Autres\cat_94,Autre,"[[236 212 206 ... 181 161 215]
 [213 228 222 ... 187 183 186]
 [172 222 237 ... 179 196 189]
 ...
 [  0   0   0 ...   0   0   0]
 [  0   0   0 ...   0   0   0]
 [  0   0   0 ...   0   0   0]]"
Autres\cat_95,Autre,"[[119 173 165 ... 203 210 253]
 [189 190 187 ... 205 244 255]
 [189 208 212 ... 236 246 238]
 ...
 [  0   0   0 ...   0   0   0]
 [  0   0   0 ...   0   0   0]
 [  0   0   0 ...   0   0   0]]"
Autres\cat_96,Autre,"[[192 175 167 ... 225 200 183]
 [199 222 198 ... 252 195 203]
 [231 242 216 ... 251 208 193]
 ...
 [  0   0   0 ...   0   0   0]
 [  0   0   0 ...   0   0   0]
 [  0   0   0 ...   0   0   0]]"
Autres\cat_97,Autre,"[[140 127  35 ...  56  62  67]
 [142 129  36 ...  57  66  55]
 [137 124  58 ...  57  63  48]
 ...
 [  0   0   0 ...   0   0  14]
 [  0   0   0 ...   0   0  14]
 [  0   0   0 ...   0   0  14]]"
Autres\cat_98,Autre,"[[128 118  19 ...  14  97 135]
 [130 120  16 ...  22  99 138]
 [129 119  19 ...  20  98 138]
 ...
 [  0   0   0 ...   0   0  10]
 [  0   0   0 ...   0   0  10]
 [  0   0   0 ...   0   0  10]]"
Autres\cat_99,Autre,"[[ 76  55   7 ...  26  98 127]
 [ 50  34   8 ...  36 100 129]
 [ 49  55  40 ...  37 100 128]
 ...
 [  0   0   0 ...   0   0   5]
 [  0   0   0 ...   0   0   5]
 [  0   0   0 ...   0   0   5]]"
Autres\dog_barking_0,Autre,"[[139 217 206 ... 188 196 201]
 [232 248 245 ... 201 214 197]
 [194 238 255 ... 222 238 175]
 ...
 [  0   0   0 ...   0   0   0]
 [  0   0   0 ...   0   0   0]
 [  0   0   0 ...   0   0   0]]"
Autres\dog_barking_1,Autre,"[[ 90  77  73 ... 129 133 147]
 [ 70  55  27 ...  18  33  53]
 [ 57  38  54 ...  64  79  99]
 ...
 [  0   0   0 ...   0   0   0]
 [  0   0   0 ...   0   0   0]
 [  0   0   0 ...   0   0   0]]"
Autres\dog_barking_104,Autre,"[[160 176 188 ... 230 218 204]
 [117 143 169 ... 208 230 216]
 [130 119 130 ... 225 246 196]
 ...
 [  3   0   0 ...   0   0   0]
 [  3   0   0 ...   0   0   0]
 [  3   0   0 ...   0   0   0]]"
Autres\dog_barking_106,Autre,"[[ 91 163 179 ... 132 113 126]
 [177 188 239 ... 136 147 150]
 [220 198 250 ... 130 156 157]
 ...
 [  0   0   0 ...   0   0   0]
 [  0   0   0 ...   0   0   0]
 [  0   0   0 ...   0   0   0]]"
Autres\dog_barking_107,Autre,"[[232 209 177 ... 217 206 158]
 [203 196 182 ... 224 193 127]
 [147 165 162 ... 204 191 144]
 ...
 [  0   0   0 ...   0   0   0]
 [  0   0   0 ...   0   0   0]
 [  0   0   0 ...   0   0   0]]"
Autres\dog_barking_108,Autre,"[[194 212 229 ... 148 154 158]
 [191 181 196 ... 160 151 148]
 [197 183 183 ... 176 171 125]
 ...
 [  0   0   0 ...   0   3   3]
 [  0   0   0 ...   0   1   1]
 [  0   0   0 ...   0   0   0]]"
Autres\dog_barking_109,Autre,"[[102  52  69 ...  40 117 175]
 [104  66  57 ...  54 118 183]
 [118 100  86 ...  97 137 198]
 ...
 [  0   0   0 ...   0   0   0]
 [  0   0   0 ...   0   0   0]
 [  0   0   0 ...   0   0   0]]"
Autres\dog_barking_11,Autre,"[[255 189 140 ... 255 254 255]
 [250 165  98 ... 188 230 234]
 [159 132 105 ... 198 174 169]
 ...
 [  0   0   0 ...   0   0   0]
 [  0   0   0 ...   0   0   0]
 [  0   0   0 ...   0   0   0]]"
Autres\dog_barking_110,Autre,"[[151 172 170 ... 112 137 178]
 [123 151 156 ... 111 133 174]
 [133 147 148 ... 117 139 174]
 ...
 [  0   0   0 ...   0   0   0]
 [  0   0   0 ...   0   0   0]
 [  0   0   0 ...   0   0   0]]"
Autres\dog_barking_13,Autre,"[[249 242 159 ...  67  99 133]
 [255 236 140 ...  87 114 142]
 [193 255 133 ...  85 120 145]
 ...
 [  0   0   0 ...   0   0   0]
 [  0   0   0 ...   0   0   0]
 [  0   0   0 ...   0   0   0]]"
Autres\dog_barking_18,Autre,"[[ 39   3   0 ...   4  70 116]
 [ 34   4   0 ...   2  73 121]
 [ 45  14   0 ...   0  71 118]
 ...
 [  0   0   0 ...   0   0   0]
 [  0   0   0 ...   0   0   0]
 [  0   0   0 ...   0   0   0]]"
Autres\dog_barking_2,Autre,"[[ 90 112  99 ...  63  75  97]
 [104  80   5 ...  49  68 100]
 [ 92  64  41 ...  75  77 108]
 ...
 [  0   0   0 ...   0   0   0]
 [  0   0   0 ...   0   0   0]
 [  0   0   0 ...   0   0   0]]"
Autres\dog_barking_20,Autre,"[[ 0 20 92 ...  0 10 79]
 [ 0  9 97 ...  0 17 82]
 [ 0 16 96 ...  0 19 84]
 ...
 [ 0  0  0 ...  0  0  0]
 [ 0  0  0 ...  0  0  0]
 [ 0  0  0 ...  0  0  0]]"
Autres\dog_barking_21,Autre,"[[  0   0   0 ...   0  54  98]
 [  0   0   0 ...   0  56 101]
 [  0   0   0 ...   0  55 101]
 ...
 [  0   0   0 ...   0   0   0]
 [  0   0   0 ...   0   0   0]
 [  0   0   0 ...   0   0   0]]"
Autres\dog_barking_23,Autre,"[[165 159 124 ...  86 126 167]
 [126 137 100 ...  66 132 172]
 [103  94  76 ...  74 133 171]
 ...
 [  0   0   0 ...   0   0   5]
 [  0   0   0 ...   0   0   5]
 [  0   0   0 ...   0   0   5]]"
Autres\dog_barking_24,Autre,"[[255 194 213 ... 255 255 254]
 [246 188 231 ... 149 144 118]
 [251 238 250 ... 170 163 146]
 ...
 [  0   0   0 ...   0   0   0]
 [  0   0   0 ...   0   0   0]
 [  0   0   0 ...   0   0   0]]"
Autres\dog_barking_25,Autre,"[[116 176 199 ... 100 119 148]
 [128 172 185 ...  78 104 150]
 [ 83 125 142 ...  75 100 150]
 ...
 [  0   0   0 ...   0   0   0]
 [  0   0   0 ...   0   0   0]
 [  0   0   0 ...   0   0   0]]"
Autres\dog_barking_26,Autre,"[[255 255 239 ... 225 191 178]
 [214 239 255 ... 218 174 160]
 [187 202 220 ... 212 170 175]
 ...
 [  0   0   0 ...   0   0   0]
 [  0   0   0 ...   0   0   0]
 [  0   0   0 ...   0   0   0]]"
Autres\dog_barking_28,Autre,"[[161 148 167 ... 120 135 133]
 [185 165 147 ...  90 128 161]
 [166 167 138 ... 128 159 176]
 ...
 [  0   0   0 ...   0   0   0]
 [  0   0   0 ...   0   0   0]
 [  0   0   0 ...   0   0   0]]"
Autres\dog_barking_29,Autre,"[[118 158 175 ... 106 123 172]
 [120 146 147 ... 112 136 178]
 [ 99 123 133 ... 117 138 183]
 ...
 [  0   0   0 ...   0   0   0]
 [  0   0   0 ...   0   0   0]
 [  0   0   0 ...   0   0   0]]"
Autres\dog_barking_36,Autre,"[[126 147 150 ... 132 118 123]
 [135 133 142 ...  97 105  95]
 [128 127 122 ... 100 103  90]
 ...
 [  0   0   0 ...   0   0   0]
 [  0   0   0 ...   0   0   0]
 [  0   0   0 ...   0   0   0]]"
Autres\dog_barking_37,Autre,"[[ 97 157 169 ...  91 126 157]
 [105 126 130 ... 139 141 165]
 [106 125 127 ... 146 145 153]
 ...
 [  0   0   0 ...   0   0   0]
 [  0   0   0 ...   0   0   0]
 [  0   0   0 ...   0   0   0]]"
Autres\dog_barking_4,Autre,"[[226 255  93 ...  76  86 116]
 [255 187  70 ... 101  79  89]
 [179 168  87 ... 117 113 119]
 ...
 [  0   0   0 ...   0   0   0]
 [  0   0   0 ...   0   0   0]
 [  0   0   0 ...   0   0   0]]"
Autres\dog_barking_46,Autre,"[[ 88 100 119 ... 158 159 157]
 [ 99  84  85 ...  86  76  93]
 [ 93  93  69 ...  86  94  82]
 ...
 [  0   0   0 ...   0   0   0]
 [  0   0   0 ...   0   0   0]
 [  0   0   0 ...   0   0   0]]"
Autres\dog_barking_5,Autre,"[[255 255 255 ... 134 130 143]
 [225 216 207 ... 144 128 157]
 [161 162 167 ... 189 177 184]
 ...
 [  0   0   0 ...   0   0   0]
 [  0   0   0 ...   0   0   0]
 [  0   0   0 ...   0   0   0]]"
Autres\dog_barking_53,Autre,"[[169 173 170 ... 117 151 169]
 [168 140 153 ...  96 136 170]
 [134 131 132 ... 101 137 167]
 ...
 [  0   0   0 ...   0   0   0]
 [  0   0   0 ...   0   0   0]
 [  0   0   0 ...   0   0   0]]"
Autres\dog_barking_6,Autre,"[[155 133  88 ...  66 114 192]
 [136 105  85 ... 113 131 199]
 [147 122 114 ... 117 124 199]
 ...
 [  0   0   0 ...   0   0   0]
 [  0   0   0 ...   0   0   0]
 [  0   0   0 ...   0   0   0]]"
Autres\dog_barking_68,Autre,"[[181 172 154 ... 135 123  99]
 [171 161 146 ... 126 109  89]
 [150 128 119 ... 113 103  84]
 ...
 [  0   0   0 ...   0   0   0]
 [  0   0   0 ...   0   0   0]
 [  0   0   0 ...   0   0   0]]"
Autres\dog_barking_71,Autre,"[[124 124 102 ... 150 191 201]
 [116 120  98 ... 139 156 175]
 [107 102  62 ...  87  99 136]
 ...
 [  0   0   0 ...   0   0   0]
 [  0   0   0 ...   0   0   0]
 [  0   0   0 ...   0   0   0]]"
Autres\dog_barking_90,Autre,"[[ 63  16   0 ...   0   0  20]
 [ 65  43  63 ...  37  58  69]
 [ 92  72 111 ...  94 106 139]
 ...
 [  0   0   0 ...   0   0   0]
 [  0   0   0 ...   0   0   0]
 [  0   0   0 ...   0   0   0]]"
Autres\dog_barking_91,Autre,"[[102  81  19 ...  49  39  74]
 [101  84  40 ...  83 117 121]
 [ 86  73  69 ... 115 151 143]
 ...
 [  0   0   0 ...   0   0   0]
 [  0   0   0 ...   0   0   0]
 [  0   0   0 ...   0   0   0]]"
Autres\dog_barking_92,Autre,"[[105  74   0 ...   2  81 125]
 [111  72   0 ...   0  80 128]
 [111  80   0 ...   0  80 127]
 ...
 [  0   0   0 ...   0   0   0]
 [  0   0   0 ...   0   0   0]
 [  0   0   0 ...   0   0   0]]"
Autres\dog_barking_93,Autre,"[[  0   4   0 ...  18  38 116]
 [ 44  16   5 ...   0  38 109]
 [ 56  61  41 ...   0  27 104]
 ...
 [  0   0   0 ...   0   0   0]
 [  0   0   0 ...   0   0   0]
 [  0   0   0 ...   0   0   0]]"
Autres\dog_barking_94,Autre,"[[ 96 100 123 ... 169 164 136]
 [163 133  99 ... 150 117 135]
 [172 157 128 ... 158 114 116]
 ...
 [  0   0   0 ...   0   0   0]
 [  0   0   0 ...   0   0   0]
 [  0   0   0 ...   0   0   0]]"
Autres\dog_barking_96,Autre,"[[255 255 254 ... 254 245 252]
 [178 215 255 ... 239 254 227]
 [184 197 180 ... 216 218 213]
 ...
 [  0   0   0 ...   0   0   0]
 [  0   0   0 ...   0   0   0]
 [  0   0   0 ...   0   0   0]]"
Autres\dog_barking_97,Autre,"[[105  70   0 ...   0  18  77]
 [111  75   0 ...   0   7  81]
 [100  64   0 ...   0  26  92]
 ...
 [  0   0   0 ...   0   0   0]
 [  0   0   0 ...   0   0   0]
 [  0   0   0 ...   0   0   0]]"
Autres\dog_barking_98,Autre,"[[217 209 224 ... 223 226 230]
 [232 232 226 ... 246 255 255]
 [243 250 255 ... 243 243 231]
 ...
 [  0   0   0 ...   0   0   0]
 [  0   0   0 ...   0   0   0]
 [  0   0   0 ...   0   0   0]]"
Autres\dog_barking_99,Autre,"[[254 255 255 ... 190 220 199]
 [253 250 252 ... 196 228 201]
 [236 233 229 ... 227 222 181]
 ...
 [  0   0   0 ...   0   0   0]
 [  0   0   0 ...   0   0   0]
 [  0   0   0 ...   0   0   0]]"
Chouettes_Hiboux\XC113807,Chouette_OU_Hibou,"[[224 216 202 ... 191 248 254]
 [217 244 211 ... 181 234 240]
 [222 248 206 ... 241 247 205]
 ...
 [  0   0   0 ...   0   0   0]
 [  0   0   0 ...   0   0   0]
 [  0   0   0 ...   0   0   0]]"
Chouettes_Hiboux\XC114305,Chouette_OU_Hibou,"[[240 234 246 ... 238 227 205]
 [225 225 212 ... 242 217 195]
 [205 198 209 ... 244 242 204]
 ...
 [  0   0   0 ...   0   0   0]
 [  0   0   0 ...   0   0   0]
 [  0   0   0 ...   0   0   0]]"
Chouettes_Hiboux\XC138060,Chouette_OU_Hibou,"[[191 218 231 ... 232 221 219]
 [183 206 221 ... 239 233 218]
 [147 151 166 ... 189 200 179]
 ...
 [  0   0   0 ...   0   0   0]
 [  0   0   0 ...   0   0   0]
 [  0   0   0 ...   0   0   0]]"
Chouettes_Hiboux\XC138061,Chouette_OU_Hibou,"[[244 255 251 ... 255 254 255]
 [245 247 239 ... 239 246 234]
 [199 221 237 ... 233 213 204]
 ...
 [  0   0   0 ...   0   0   0]
 [  0   0   0 ...   0   0   0]
 [  0   0   0 ...   0   0   0]]"
Chouettes_Hiboux\XC142218,Chouette_OU_Hibou,"[[185 173 168 ... 204 159 207]
 [208 224 213 ... 202 191 201]
 [242 247 216 ... 204 214 219]
 ...
 [  0   0   0 ...   0   0   0]
 [  0   0   0 ...   0   0   0]
 [  0   0   0 ...   0   0   0]]"
Chouettes_Hiboux\XC144080,Chouette_OU_Hibou,"[[147 158 180 ... 224 207 249]
 [158 165 184 ... 231 218 243]
 [169 156 147 ... 210 213 234]
 ...
 [  0   0   0 ...   0   0   0]
 [  0   0   0 ...   0   0   0]
 [  0   0   0 ...   0   0   0]]"
Chouettes_Hiboux\XC144359,Chouette_OU_Hibou,"[[254 238 232 ... 255 251 250]
 [237 231 229 ... 239 255 238]
 [217 233 209 ... 240 223 240]
 ...
 [  0   0   0 ...   0   0   0]
 [  0   0   0 ...   0   0   0]
 [  0   0   0 ...   0   0   0]]"
Chouettes_Hiboux\XC152476,Chouette_OU_Hibou,"[[45 29 46 ... 55 47 77]
 [50 30 62 ... 75 50 83]
 [61 46 53 ... 81 66 90]
 ...
 [16  0  0 ...  0  0 26]
 [15  0  0 ...  0  0 26]
 [15  0  0 ...  0  0 25]]"
Chouettes_Hiboux\XC153417,Chouette_OU_Hibou,"[[114  85  38 ...  82 104 172]
 [133 103  56 ...  99 127 190]
 [153 149 111 ... 166 175 208]
 ...
 [  0   0   0 ...   0   0   0]
 [  0   0   0 ...   0   0   0]
 [  0   0   0 ...   0   0   0]]"
Chouettes_Hiboux\XC153789,Chouette_OU_Hibou,"[[ 79  55  17 ...  37  13  41]
 [ 88  67  66 ...  64  55  64]
 [ 92  96  88 ... 121 117 108]
 ...
 [  0   0   0 ...   0   0   0]
 [  0   0   0 ...   0   0   0]
 [  0   0   0 ...   0   0   0]]"
Chouettes_Hiboux\XC154757,Chouette_OU_Hibou,"[[255 251 249 ... 224 222 238]
 [235 255 255 ... 253 255 254]
 [179 238 245 ... 254 249 223]
 ...
 [  0   0   0 ...   0   0   0]
 [  0   0   0 ...   0   0   0]
 [  0   0   0 ...   0   0   0]]"
Chouettes_Hiboux\XC154990,Chouette_OU_Hibou,"[[103 127 133 ... 112 129 146]
 [115 104 127 ... 110 111 110]
 [119 104  81 ...  68  40  25]
 ...
 [  0   0   0 ...   0   0   0]
 [  0   0   0 ...   0   0   0]
 [  0   0   0 ...   0   0   0]]"
Chouettes_Hiboux\XC155025,Chouette_OU_Hibou,"[[176 170 159 ... 141 161 184]
 [184 169 133 ... 123 161 186]
 [174 159 125 ... 115 153 181]
 ...
 [  0   0   0 ...   0   0   0]
 [  0   0   0 ...   0   0   0]
 [  0   0   0 ...   0   0   0]]"
Chouettes_Hiboux\XC155161,Chouette_OU_Hibou,"[[137 126  68 ... 121 115 127]
 [138 118 133 ... 127 122 151]
 [137 123 163 ... 133 135 130]
 ...
 [  0   0   0 ...   0   0   0]
 [  0   0   0 ...   0   0   0]
 [  0   0   0 ...   0   0   0]]"
Chouettes_Hiboux\XC156195,Chouette_OU_Hibou,"[[232 220 228 ... 229 230 166]
 [250 248 225 ... 237 254 234]
 [235 255 243 ... 231 255 255]
 ...
 [  0   0   0 ...   0   0   0]
 [  0   0   0 ...   0   0   0]
 [  0   0   0 ...   0   0   0]]"
Chouettes_Hiboux\XC156403,Chouette_OU_Hibou,"[[255 255 255 ... 255 255 255]
 [219 205 229 ... 225 217 235]
 [204 199 216 ... 210 188 194]
 ...
 [  0   0   0 ...   0   0   0]
 [  0   0   0 ...   0   0   0]
 [  0   0   0 ...   0   0   0]]"
Chouettes_Hiboux\XC162497,Chouette_OU_Hibou,"[[254 237 238 ... 156 162 145]
 [254 252 252 ... 171 160 140]
 [234 255 244 ... 171 160 150]
 ...
 [  0   0   0 ...   0   0   0]
 [  0   0   0 ...   0   0   0]
 [  0   0   0 ...   0   0   0]]"
Chouettes_Hiboux\XC162851,Chouette_OU_Hibou,"[[255 254 243 ... 255 248 235]
 [227 254 255 ... 249 219 246]
 [186 231 226 ... 253 239 255]
 ...
 [  0   0   0 ...   0   0   0]
 [  0   0   0 ...   0   0   0]
 [  0   0   0 ...   0   0   0]]"
Chouettes_Hiboux\XC163684,Chouette_OU_Hibou,"[[136 169 170 ...  89 117 148]
 [144 151 142 ...  64 109 148]
 [ 73  77  81 ...  21 106 145]
 ...
 [  0   0   0 ...   0   0  10]
 [  0   0   0 ...   0   0  10]
 [  0   0   0 ...   0   0  10]]"
Chouettes_Hiboux\XC167210,Chouette_OU_Hibou,"[[124 101  49 ...  69  44  82]
 [121  98  66 ... 115  77 129]
 [112  92  80 ... 132 101 147]
 ...
 [  0   0   0 ...   0   0   0]
 [  0   0   0 ...   0   0   0]
 [  0   0   0 ...   0   0   0]]"
Chouettes_Hiboux\XC167212,Chouette_OU_Hibou,"[[138 144 134 ... 118 125 146]
 [116 131 154 ... 145 141 165]
 [114 148 177 ... 163 170 185]
 ...
 [  0   0   0 ...   0   0   0]
 [  0   0   0 ...   0   0   0]
 [  0   0   0 ...   0   0   0]]"
Chouettes_Hiboux\XC167281,Chouette_OU_Hibou,"[[163 171 168 ... 162 154 180]
 [182 191 181 ... 192 188 191]
 [196 194 177 ... 198 201 217]
 ...
 [  0   0   0 ...   0   0   0]
 [  0   0   0 ...   0   0   0]
 [  0   0   0 ...   0   0   0]]"
Chouettes_Hiboux\XC167607,Chouette_OU_Hibou,"[[238 254 244 ... 229 250 236]
 [255 247 245 ... 239 244 225]
 [236 237 255 ... 229 225 219]
 ...
 [  0   0   0 ...   0   0   0]
 [  0   0   0 ...   0   0   0]
 [  0   0   0 ...   0   0   0]]"
Chouettes_Hiboux\XC168573,Chouette_OU_Hibou,"[[200 197 198 ... 232 218 232]
 [192 210 193 ... 167 155 130]
 [220 241 228 ... 177 156 133]
 ...
 [  0   0   0 ...   0   0   0]
 [  0   0   0 ...   0   0   0]
 [  0   0   0 ...   0   0   0]]"
Chouettes_Hiboux\XC172612,Chouette_OU_Hibou,"[[255 249 238 ... 242 243 206]
 [249 255 255 ... 255 255 235]
 [245 227 232 ... 226 234 255]
 ...
 [  0   0   0 ...   0   0   0]
 [  0   0   0 ...   0   0   0]
 [  0   0   0 ...   0   0   0]]"
Chouettes_Hiboux\XC172892,Chouette_OU_Hibou,"[[ 0  0  0 ...  0  6 49]
 [ 0  0  0 ...  0 12 46]
 [ 0  0  0 ...  5 10 31]
 ...
 [ 0  0  0 ...  0  0  0]
 [ 0  0  0 ...  0  0  0]
 [ 0  0  0 ...  0  0  0]]"
Chouettes_Hiboux\XC172893,Chouette_OU_Hibou,"[[  0   0   0 ...   0  39 103]
 [  0   0   0 ...   5  22  94]
 [  0   0   0 ...  29  70  94]
 ...
 [  0   0   0 ...   0   0   0]
 [  0   0   0 ...   0   0   0]
 [  0   0   0 ...   0   0   0]]"
Chouettes_Hiboux\XC176001,Chouette_OU_Hibou,"[[208 216 220 ... 207 213 204]
 [186 196 207 ... 194 209 220]
 [161 170 178 ... 183 174 208]
 ...
 [  0   0   0 ...   0   0   0]
 [  0   0   0 ...   0   0   0]
 [  0   0   0 ...   0   0   0]]"
Chouettes_Hiboux\XC177187,Chouette_OU_Hibou,"[[134 107  83 ...  66 100 142]
 [145 126  94 ...  79 125 149]
 [143 121  72 ... 109 127 134]
 ...
 [  0   0   0 ...   0   0   0]
 [  0   0   0 ...   0   0   0]
 [  0   0   0 ...   0   0   0]]"
Chouettes_Hiboux\XC178042,Chouette_OU_Hibou,"[[123 112  65 ...  91  98  96]
 [143 134 113 ... 120 117 112]
 [153 150 151 ... 155 148 143]
 ...
 [  0   0   0 ...   0   0   0]
 [  0   0   0 ...   0   0   0]
 [  0   0   0 ...   0   0   0]]"
Chouettes_Hiboux\XC183138,Chouette_OU_Hibou,"[[191 188 181 ... 192 167 157]
 [155 173 170 ... 207 192 191]
 [188 192 187 ... 191 168 194]
 ...
 [ 15   0   0 ...   0   0   0]
 [ 15   0   0 ...   0   0   0]
 [ 15   0   0 ...   0   0   0]]"
Chouettes_Hiboux\XC184676,Chouette_OU_Hibou,"[[247 251 229 ... 255 251 236]
 [211 234 254 ... 247 255 255]
 [232 237 255 ... 205 210 227]
 ...
 [  0   0   0 ...   0   0   0]
 [  0   0   0 ...   0   0   0]
 [  0   0   0 ...   0   0   0]]"
Chouettes_Hiboux\XC191378,Chouette_OU_Hibou,"[[143 126  87 ...  89 114 136]
 [137 128 100 ...  65 113 139]
 [ 90  97 110 ...  74 117 136]
 ...
 [  0   0   0 ...   0   0   0]
 [  0   0   0 ...   0   0   0]
 [  0   0   0 ...   0   0   0]]"
Chouettes_Hiboux\XC191379,Chouette_OU_Hibou,"[[190 203 180 ... 224 205 205]
 [213 202 196 ... 236 235 203]
 [228 228 222 ... 240 239 209]
 ...
 [  0   0   0 ...   0   0   0]
 [  0   0   0 ...   0   0   0]
 [  0   0   0 ...   0   0   0]]"
Chouettes_Hiboux\XC195490,Chouette_OU_Hibou,"[[183 214 233 ... 218 237 234]
 [198 213 224 ... 208 226 227]
 [212 196 205 ... 191 209 218]
 ...
 [  0   0   0 ...   0   0   0]
 [  0   0   0 ...   0   0   0]
 [  0   0   0 ...   0   0   0]]"
Chouettes_Hiboux\XC195626,Chouette_OU_Hibou,"[[ 90 115 112 ... 112 126 121]
 [ 69  99  98 ...  85 104 105]
 [ 62  91 108 ...  98 120 113]
 ...
 [  0   0   0 ...   0   0   0]
 [  0   0   0 ...   0   0   0]
 [  0   0   0 ...   0   0   0]]"
Chouettes_Hiboux\XC197263,Chouette_OU_Hibou,"[[174 160 145 ... 107  92 119]
 [201 194 169 ... 124 125 119]
 [196 187 159 ... 173 164 125]
 ...
 [  0   0   0 ...   0   0   0]
 [  0   0   0 ...   0   0   0]
 [  0   0   0 ...   0   0   0]]"
Chouettes_Hiboux\XC197448,Chouette_OU_Hibou,"[[125 145 140 ... 115 136 125]
 [110 153 154 ... 125 125 125]
 [118 157 161 ... 113 130 143]
 ...
 [  0   0   0 ...   0   0   0]
 [  0   0   0 ...   0   0   0]
 [  0   0   0 ...   0   0   0]]"
Chouettes_Hiboux\XC197449,Chouette_OU_Hibou,"[[206 232 191 ... 203 227 235]
 [199 219 198 ... 168 183 181]
 [154 178 162 ... 193 166 129]
 ...
 [  0   0   0 ...   0   0   0]
 [  0   0   0 ...   0   0   0]
 [  0   0   0 ...   0   0   0]]"
Chouettes_Hiboux\XC197705,Chouette_OU_Hibou,"[[247 238 185 ... 224 229 193]
 [187 214 204 ... 206 196 183]
 [194 198 209 ... 206 178 170]
 ...
 [  0   0   0 ...   0   0   0]
 [  0   0   0 ...   0   0   0]
 [  0   0   0 ...   0   0   0]]"
Chouettes_Hiboux\XC208363,Chouette_OU_Hibou,"[[135 113  30 ...  29  65  93]
 [137 116  15 ...  39  41  64]
 [138 116   0 ...  29  56  70]
 ...
 [  0   0   0 ...   0   0   0]
 [  0   0   0 ...   0   0   0]
 [  0   0   0 ...   0   0   0]]"
Chouettes_Hiboux\XC215846,Chouette_OU_Hibou,"[[193 156 141 ... 255 245 255]
 [219 163 124 ... 246 255 243]
 [181 135 114 ... 228 217 229]
 ...
 [  0   0   0 ...   0   0   0]
 [  0   0   0 ...   0   0   0]
 [  0   0   0 ...   0   0   0]]"
Chouettes_Hiboux\XC221553,Chouette_OU_Hibou,"[[163 129 124 ...  46 109 169]
 [179 159 151 ... 154 154 190]
 [169 147 157 ... 167 186 194]
 ...
 [  0   0   0 ...   0   0   0]
 [  0   0   0 ...   0   0   0]
 [  0   0   0 ...   0   0   0]]"
Chouettes_Hiboux\XC225322,Chouette_OU_Hibou,"[[ 87 145 162 ... 109 125 160]
 [ 68 157 162 ... 130 138 169]
 [ 31 127 113 ... 140 146 170]
 ...
 [  0   0   0 ...   0   0   0]
 [  0   0   0 ...   0   0   0]
 [  0   0   0 ...   0   0   0]]"
Chouettes_Hiboux\XC234524,Chouette_OU_Hibou,"[[196 185 182 ... 178 171 149]
 [175 186 202 ... 193 177 165]
 [184 210 230 ... 217 202 165]
 ...
 [  0   0   0 ...   0   0   0]
 [  0   0   0 ...   0   0   0]
 [  0   0   0 ...   0   0   0]]"
Chouettes_Hiboux\XC236697,Chouette_OU_Hibou,"[[ 97  81  34 ...  10  18  52]
 [101  84  51 ...   7  31  71]
 [ 85  59  51 ...  48  60  87]
 ...
 [  0   0   0 ...   0   0   0]
 [  0   0   0 ...   0   0   0]
 [  0   0   0 ...   0   0   0]]"
Chouettes_Hiboux\XC244531,Chouette_OU_Hibou,"[[239 241 241 ... 248 255 255]
 [255 254 250 ... 255 244 212]
 [247 255 250 ... 236 215 188]
 ...
 [  0   0   0 ...   0   0   0]
 [  0   0   0 ...   0   0   0]
 [  0   0   0 ...   0   0   0]]"
Chouettes_Hiboux\XC244583,Chouette_OU_Hibou,"[[204 197 181 ... 214 248 217]
 [236 223 217 ... 237 238 214]
 [225 205 239 ... 213 228 193]
 ...
 [  0   0   0 ...   0   0   0]
 [  0   0   0 ...   0   0   0]
 [  0   0   0 ...   0   0   0]]"
Chouettes_Hiboux\XC252396,Chouette_OU_Hibou,"[[206 223 215 ... 218 240 230]
 [207 231 252 ... 216 251 255]
 [194 233 255 ... 236 241 241]
 ...
 [  0   0   0 ...   0   0   0]
 [  0   0   0 ...   0   0   0]
 [  0   0   0 ...   0   0   0]]"
Chouettes_Hiboux\XC254108,Chouette_OU_Hibou,"[[178 171 180 ... 147 132 118]
 [167 151 154 ... 135 112 128]
 [196 177 169 ... 133 129 128]
 ...
 [  0   0   0 ...   0   0   0]
 [  0   0   0 ...   0   0   0]
 [  0   0   0 ...   0   0   0]]"
Chouettes_Hiboux\XC260423,Chouette_OU_Hibou,"[[203 211 188 ...   0  28  53]
 [206 224 180 ...   0  31  55]
 [168 245 233 ...   0  27  52]
 ...
 [  0   0   0 ...   0   0  24]
 [  0   0   0 ...   0   0  24]
 [  0   0   0 ...   0   0  24]]"
Chouettes_Hiboux\XC264267,Chouette_OU_Hibou,"[[125 107   0 ...   0   0   0]
 [127 108   0 ...   0   0   0]
 [126 108   0 ...   0   0   0]
 ...
 [  0   0   0 ...   0   3  45]
 [  0   0   0 ...   0   3  45]
 [  0   0   0 ...   0   3  45]]"
Chouettes_Hiboux\XC279583,Chouette_OU_Hibou,"[[255 254 245 ... 233 243 254]
 [244 255 255 ... 253 255 254]
 [185 235 247 ... 253 241 246]
 ...
 [  0   0   0 ...   0   0   0]
 [  0   0   0 ...   0   0   0]
 [  0   0   0 ...   0   0   0]]"
Chouettes_Hiboux\XC279584,Chouette_OU_Hibou,"[[219 239 231 ... 234 253 251]
 [252 254 255 ... 255 255 255]
 [255 250 248 ... 231 227 221]
 ...
 [  0   0   0 ...   0   0   0]
 [  0   0   0 ...   0   0   0]
 [  0   0   0 ...   0   0   0]]"
Chouettes_Hiboux\XC283951,Chouette_OU_Hibou,"[[255 255 255 ... 255 255 254]
 [140 145 153 ... 111 141 132]
 [116 149 146 ... 128 146 175]
 ...
 [  0   0   0 ...   0   0   0]
 [  0   0   0 ...   0   0   0]
 [  0   0   0 ...   0   0   0]]"
Chouettes_Hiboux\XC289380,Chouette_OU_Hibou,"[[193 200 197 ... 234 243 255]
 [202 201 197 ... 250 242 244]
 [209 214 216 ... 254 254 204]
 ...
 [  0   0   0 ...   0   0   0]
 [  0   0   0 ...   0   0   0]
 [  0   0   0 ...   0   0   0]]"
Chouettes_Hiboux\XC289828,Chouette_OU_Hibou,"[[254 243 231 ... 243 225 201]
 [233 249 251 ... 255 233 231]
 [239 255 254 ... 221 211 255]
 ...
 [  0   0   0 ...   0   0   0]
 [  0   0   0 ...   0   0   0]
 [  0   0   0 ...   0   0   0]]"
Chouettes_Hiboux\XC291157,Chouette_OU_Hibou,"[[ 82  76   0 ...   0  97 119]
 [ 85  79   0 ...   0 100 122]
 [ 83  77   0 ...   0  99 121]
 ...
 [  0   0   0 ...   0   0   0]
 [  0   0   0 ...   0   0   0]
 [  0   0   0 ...   0   0   0]]"
Chouettes_Hiboux\XC291158,Chouette_OU_Hibou,"[[49 46  0 ...  0 76 93]
 [54 51 16 ...  7 78 96]
 [52 48  0 ... 22 77 94]
 ...
 [ 0  0  0 ...  0  0  0]
 [ 0  0  0 ...  0  0  0]
 [ 0  0  0 ...  0  0  0]]"
Chouettes_Hiboux\XC297982,Chouette_OU_Hibou,"[[255 255 255 ... 254 255 255]
 [195 206 234 ... 243 237 241]
 [208 196 185 ... 209 192 204]
 ...
 [  0   0   0 ...   0   0   0]
 [  0   0   0 ...   0   0   0]
 [  0   0   0 ...   0   0   0]]"
Chouettes_Hiboux\XC301237,Chouette_OU_Hibou,"[[255 255 209 ... 255 255 255]
 [ 65  77  54 ... 121 132 150]
 [ 62  70  48 ... 109 117 159]
 ...
 [  0   0   0 ...   0   0   0]
 [  0   0   0 ...   0   0   0]
 [  0   0   0 ...   0   0   0]]"
Chouettes_Hiboux\XC301240,Chouette_OU_Hibou,"[[222 218 235 ... 255 218 227]
 [160 134  47 ... 122 101  95]
 [164 137  38 ... 112  86 102]
 ...
 [  0   0   0 ...   0   0   0]
 [  0   0   0 ...   0   0   0]
 [  0   0   0 ...   0   0   0]]"
Chouettes_Hiboux\XC302155,Chouette_OU_Hibou,"[[200 210 186 ... 189 214 220]
 [182 218 225 ... 192 201 191]
 [173 210 227 ... 197 204 191]
 ...
 [  0   0   0 ...   0   0   0]
 [  0   0   0 ...   0   0   0]
 [  0   0   0 ...   0   0   0]]"
Chouettes_Hiboux\XC308017,Chouette_OU_Hibou,"[[207 183 105 ... 163 181 184]
 [203 195 165 ... 161 188 193]
 [175 174 170 ... 170 192 175]
 ...
 [  0   0   0 ...   0   0   0]
 [  0   0   0 ...   0   0   0]
 [  0   0   0 ...   0   0   0]]"
Chouettes_Hiboux\XC308404,Chouette_OU_Hibou,"[[108 103  62 ...  69  94 128]
 [111 106  60 ...  76 107 133]
 [109 103  31 ...  76 103 134]
 ...
 [  0   0   0 ...   0   0   0]
 [  0   0   0 ...   0   0   0]
 [  0   0   0 ...   0   0   0]]"
Chouettes_Hiboux\XC310199,Chouette_OU_Hibou,"[[166 138  58 ...  59 146 195]
 [174 149  89 ...  98 156 200]
 [181 158 131 ... 148 158 201]
 ...
 [  0   0   0 ...   0   0   0]
 [  0   0   0 ...   0   0   0]
 [  0   0   0 ...   0   0   0]]"
Chouettes_Hiboux\XC310200,Chouette_OU_Hibou,"[[183 175  67 ... 112 115 117]
 [185 177 110 ... 161 167 116]
 [184 176 125 ... 200 198 126]
 ...
 [  0   0   0 ...   0   0   0]
 [  0   0   0 ...   0   0   0]
 [  0   0   0 ...   0   0   0]]"
Chouettes_Hiboux\XC312258,Chouette_OU_Hibou,"[[181 156  33 ... 109 118 165]
 [183 158  62 ... 125 117 168]
 [183 158  61 ... 126 119 165]
 ...
 [  0   0   0 ...   0   0   0]
 [  0   0   0 ...   0   0   0]
 [  0   0   0 ...   0   0   0]]"
Chouettes_Hiboux\XC324820,Chouette_OU_Hibou,"[[224 197 164 ... 137 173 217]
 [228 227 234 ... 219 218 223]
 [201 234 240 ... 234 230 218]
 ...
 [  0   0   0 ...   0   0   0]
 [  0   0   0 ...   0   0   0]
 [  0   0   0 ...   0   0   0]]"
Chouettes_Hiboux\XC325226,Chouette_OU_Hibou,"[[ 78  57  39 ...  61  86 136]
 [ 69 104  90 ...  88 113 155]
 [114 154 156 ... 118 128 174]
 ...
 [  0   0   0 ...   0   0   0]
 [  0   0   0 ...   0   0   0]
 [  0   0   0 ...   0   0   0]]"
Chouettes_Hiboux\XC325415,Chouette_OU_Hibou,"[[141 130 102 ...  81  85 115]
 [144 130 109 ...  84  88 114]
 [173 161 129 ...  99  93 102]
 ...
 [  0   0   0 ...   0   0   0]
 [  0   0   0 ...   0   0   0]
 [  0   0   0 ...   0   0   0]]"
Chouettes_Hiboux\XC326495,Chouette_OU_Hibou,"[[205 179  82 ...  96  90  99]
 [213 188 117 ... 120 118  98]
 [214 189 160 ... 134 132 111]
 ...
 [  0   0   0 ...   0   0   0]
 [  0   0   0 ...   0   0   0]
 [  0   0   0 ...   0   0   0]]"
Chouettes_Hiboux\XC326496,Chouette_OU_Hibou,"[[125 118 102 ...  86  83 133]
 [188 169 131 ... 117  82 145]
 [190 216 202 ... 121 130 168]
 ...
 [  0   0   0 ...   0   0   0]
 [  0   0   0 ...   0   0   0]
 [  0   0   0 ...   0   0   0]]"
Chouettes_Hiboux\XC327066,Chouette_OU_Hibou,"[[201 181 180 ... 210 189 146]
 [212 207 201 ... 213 218 185]
 [185 201 199 ... 231 238 225]
 ...
 [  0   0   0 ...   0   0   0]
 [  0   0   0 ...   0   0   0]
 [  0   0   0 ...   0   0   0]]"
Chouettes_Hiboux\XC327638,Chouette_OU_Hibou,"[[174 176 137 ... 130 145 191]
 [180 200 182 ... 191 181 211]
 [195 211 199 ... 210 202 196]
 ...
 [  0   0   0 ...   0   0   0]
 [  0   0   0 ...   0   0   0]
 [  0   0   0 ...   0   0   0]]"
Chouettes_Hiboux\XC328749,Chouette_OU_Hibou,"[[162 156 157 ... 126 157 181]
 [154 151 165 ... 163 156 181]
 [125 166 177 ... 171 169 192]
 ...
 [  0   0   0 ...   0   0   0]
 [  0   0   0 ...   0   0   0]
 [  0   0   0 ...   0   0   0]]"
Chouettes_Hiboux\XC330635,Chouette_OU_Hibou,"[[172 162 156 ... 153 149 191]
 [164 184 165 ... 193 179 192]
 [179 204 198 ... 198 161 169]
 ...
 [  0   0   0 ...   0   0   0]
 [  0   0   0 ...   0   0   0]
 [  0   0   0 ...   0   0   0]]"
Chouettes_Hiboux\XC330650,Chouette_OU_Hibou,"[[153 131 101 ... 134 181 228]
 [137 171 174 ... 161 182 217]
 [188 196 175 ... 148 167 185]
 ...
 [  0   0   0 ...   0   0   0]
 [  0   0   0 ...   0   0   0]
 [  0   0   0 ...   0   0   0]]"
Chouettes_Hiboux\XC330651,Chouette_OU_Hibou,"[[163 165 163 ... 121 176 221]
 [146 166 196 ... 160 188 226]
 [171 188 203 ... 185 190 217]
 ...
 [  0   0   0 ...   0   0   0]
 [  0   0   0 ...   0   0   0]
 [  0   0   0 ...   0   0   0]]"
Chouettes_Hiboux\XC331481,Chouette_OU_Hibou,"[[163 155 111 ... 133 133 149]
 [152 190 215 ... 131 135 137]
 [241 244 235 ... 159 140 105]
 ...
 [  0   0   0 ...   0   0   0]
 [  0   0   0 ...   0   0   0]
 [  0   0   0 ...   0   0   0]]"
Chouettes_Hiboux\XC333161,Chouette_OU_Hibou,"[[169 222 228 ... 203 211 205]
 [188 212 215 ... 192 208 190]
 [223 231 240 ... 167 203 196]
 ...
 [  0   0   0 ...   0   0   0]
 [  0   0   0 ...   0   0   0]
 [  0   0   0 ...   0   0   0]]"
Chouettes_Hiboux\XC334227,Chouette_OU_Hibou,"[[218 201 188 ... 200 188 177]
 [225 227 218 ... 216 222 234]
 [229 250 242 ... 225 236 253]
 ...
 [  0   0   0 ...   0   0   0]
 [  0   0   0 ...   0   0   0]
 [  0   0   0 ...   0   0   0]]"
Chouettes_Hiboux\XC334228,Chouette_OU_Hibou,"[[206 194 172 ... 199 159 186]
 [201 205 193 ... 205 174 196]
 [174 185 185 ... 201 189 187]
 ...
 [  0   0   0 ...   0   0   0]
 [  0   0   0 ...   0   0   0]
 [  0   0   0 ...   0   0   0]]"
Chouettes_Hiboux\XC334231,Chouette_OU_Hibou,"[[204 188 178 ... 180 186 226]
 [197 207 193 ... 187 223 242]
 [198 224 221 ... 201 212 219]
 ...
 [  0   0   0 ...   0   0   0]
 [  0   0   0 ...   0   0   0]
 [  0   0   0 ...   0   0   0]]"
Chouettes_Hiboux\XC335127,Chouette_OU_Hibou,"[[161 137   0 ...   0  78 119]
 [164 140   0 ...   0  82 122]
 [163 139   0 ...   0  80 121]
 ...
 [  4   0   0 ...   0   0   0]
 [  4   0   0 ...   0   0   0]
 [  4   0   0 ...   0   0   0]]"
Chouettes_Hiboux\XC335480,Chouette_OU_Hibou,"[[144 148 175 ... 205 226 238]
 [170 179 180 ... 203 207 225]
 [194 194 200 ... 213 211 189]
 ...
 [  0   0   0 ...   0   0   0]
 [  0   0   0 ...   0   0   0]
 [  0   0   0 ...   0   0   0]]"
Chouettes_Hiboux\XC335481,Chouette_OU_Hibou,"[[155 183 173 ... 176 156 188]
 [157 197 185 ... 196 176 179]
 [180 210 188 ... 202 206 208]
 ...
 [  0   0   0 ...   0   0   0]
 [  0   0   0 ...   0   0   0]
 [  0   0   0 ...   0   0   0]]"
Chouettes_Hiboux\XC335676,Chouette_OU_Hibou,"[[203 186 179 ... 182 235 253]
 [203 188 195 ... 214 244 255]
 [226 214 218 ... 235 232 241]
 ...
 [  0   0   0 ...   0   0   0]
 [  0   0   0 ...   0   0   0]
 [  0   0   0 ...   0   0   0]]"
Chouettes_Hiboux\XC335678,Chouette_OU_Hibou,"[[190 208 216 ... 222 213 222]
 [218 229 222 ... 241 227 226]
 [218 232 221 ... 233 243 245]
 ...
 [  0   0   0 ...   0   0   0]
 [  0   0   0 ...   0   0   0]
 [  0   0   0 ...   0   0   0]]"
Chouettes_Hiboux\XC335766,Chouette_OU_Hibou,"[[167 178 177 ... 200 165 190]
 [163 219 231 ... 224 186 210]
 [185 223 226 ... 247 220 234]
 ...
 [  0   0   0 ...   0   0   0]
 [  0   0   0 ...   0   0   0]
 [  0   0   0 ...   0   0   0]]"
Chouettes_Hiboux\XC338155,Chouette_OU_Hibou,"[[189 188 195 ... 174 171 182]
 [203 210 211 ... 205 198 206]
 [211 221 205 ... 198 204 220]
 ...
 [  0   0   0 ...   0   0   0]
 [  0   0   0 ...   0   0   0]
 [  0   0   0 ...   0   0   0]]"
Chouettes_Hiboux\XC338157,Chouette_OU_Hibou,"[[156 129 102 ... 108  96 136]
 [143 137 120 ... 163 152 135]
 [182 161 125 ... 196 191 214]
 ...
 [  0   0   0 ...   0   0   0]
 [  0   0   0 ...   0   0   0]
 [  0   0   0 ...   0   0   0]]"
Chouettes_Hiboux\XC340139,Chouette_OU_Hibou,"[[156 160 174 ... 173 154 166]
 [121 136 139 ... 119 129 137]
 [169 175 167 ... 177 170 156]
 ...
 [  0   0   0 ...   0   0   0]
 [  0   0   0 ...   0   0   0]
 [  0   0   0 ...   0   0   0]]"
Chouettes_Hiboux\XC341462,Chouette_OU_Hibou,"[[209 220 214 ... 234 214 240]
 [219 221 209 ... 216 207 228]
 [250 221 201 ... 202 195 226]
 ...
 [  0   0   0 ...   0   0   0]
 [  0   0   0 ...   0   0   0]
 [  0   0   0 ...   0   0   0]]"
Chouettes_Hiboux\XC341463,Chouette_OU_Hibou,"[[200 217 215 ... 152 107  86]
 [193 186 195 ... 149 104  73]
 [183 198 195 ... 136  95  90]
 ...
 [  0   0   0 ...   0   0   0]
 [  0   0   0 ...   0   0   0]
 [  0   0   0 ...   0   0   0]]"
Chouettes_Hiboux\XC342574,Chouette_OU_Hibou,"[[114  85   0 ...   0  54 125]
 [119  90   0 ...   0  59 129]
 [122  94   0 ...   0  56 129]
 ...
 [  0   0   0 ...   0   0   0]
 [  0   0   0 ...   0   0   0]
 [  0   0   0 ...   0   0   0]]"
Chouettes_Hiboux\XC342678,Chouette_OU_Hibou,"[[124 108   7 ...   0  91 123]
 [127 111   0 ...   0  91 124]
 [126 110   0 ...   0  90 123]
 ...
 [  0   0   0 ...   0   0   0]
 [  0   0   0 ...   0   0   0]
 [  0   0   0 ...   0   0   0]]"
Chouettes_Hiboux\XC344697,Chouette_OU_Hibou,"[[255 255 239 ... 238 254 246]
 [228 243 254 ... 254 248 255]
 [131 227 255 ... 239 238 249]
 ...
 [  0   0   0 ...   0   0   0]
 [  0   0   0 ...   0   0   0]
 [  0   0   0 ...   0   0   0]]"
Chouettes_Hiboux\XC344702,Chouette_OU_Hibou,"[[255 254 255 ... 255 255 241]
 [226 225 219 ... 228 248 255]
 [166 191 223 ... 179 234 238]
 ...
 [  0   0   0 ...   0   0   0]
 [  0   0   0 ...   0   0   0]
 [  0   0   0 ...   0   0   0]]"
Chouettes_Hiboux\XC344952,Chouette_OU_Hibou,"[[123  90  54 ... 112 129 169]
 [133 112 118 ... 139 126 167]
 [134 129 116 ... 144 107 157]
 ...
 [  0   0   0 ...   0   0   0]
 [  0   0   0 ...   0   0   0]
 [  0   0   0 ...   0   0   0]]"
Chouettes_Hiboux\XC347525,Chouette_OU_Hibou,"[[ 95  86   8 ...   7 124 147]
 [ 97  88   0 ...  10 127 150]
 [ 97  88   0 ...   1 126 149]
 ...
 [  0   0   0 ...   0   0   0]
 [  0   0   0 ...   0   0   0]
 [  0   0   0 ...   0   0   0]]"
Chouettes_Hiboux\XC348670,Chouette_OU_Hibou,"[[176 147  19 ...  59  62 100]
 [178 149  38 ... 108  96 106]
 [165 151 109 ... 165 152 152]
 ...
 [  0   0   0 ...   0   0   0]
 [  0   0   0 ...   0   0   0]
 [  0   0   0 ...   0   0   0]]"
Chouettes_Hiboux\XC348676,Chouette_OU_Hibou,"[[255 255 255 ... 248 254 254]
 [164 206 247 ... 255 231 216]
 [134 199 232 ... 233 214 227]
 ...
 [  0   0   0 ...   0   0   0]
 [  0   0   0 ...   0   0   0]
 [  0   0   0 ...   0   0   0]]"
Chouettes_Hiboux\XC356414,Chouette_OU_Hibou,"[[  0   0   0 ...  40  84 137]
 [  0   0   0 ...  49  86 117]
 [109  31   0 ... 141 117 117]
 ...
 [  0   0   0 ...   0   0   0]
 [  0   0   0 ...   0   0   0]
 [  0   0   0 ...   0   0   0]]"
Chouettes_Hiboux\XC356889,Chouette_OU_Hibou,"[[ 44  84 132 ... 121 115 126]
 [ 40  78 116 ... 117 122 137]
 [ 75  89  83 ... 120 117 134]
 ...
 [  0   0   0 ...   0   0   0]
 [  0   0   0 ...   0   0   0]
 [  0   0   0 ...   0   0   0]]"
Chouettes_Hiboux\XC360572,Chouette_OU_Hibou,"[[242 219 170 ... 204 189 218]
 [227 243 233 ... 242 243 255]
 [221 254 255 ... 230 235 252]
 ...
 [  0   0   0 ...   0   0   0]
 [  0   0   0 ...   0   0   0]
 [  0   0   0 ...   0   0   0]]"
Chouettes_Hiboux\XC363749,Chouette_OU_Hibou,"[[215 196 180 ... 187 175 174]
 [226 216 214 ... 185 187 155]
 [246 232 216 ... 174 167 145]
 ...
 [  0   0   0 ...   0   0   0]
 [  0   0   0 ...   0   0   0]
 [  0   0   0 ...   0   0   0]]"
Chouettes_Hiboux\XC364160,Chouette_OU_Hibou,"[[132 101   0 ...   0  19  68]
 [135 104   0 ...   0  19  71]
 [134 103   0 ...   0  20  70]
 ...
 [  0   0   0 ...   0   0   0]
 [  0   0   0 ...   0   0   0]
 [  0   0   0 ...   0   0   0]]"
Chouettes_Hiboux\XC365492,Chouette_OU_Hibou,"[[114  93  81 ...  75  84 107]
 [138 114 102 ...  76  84 116]
 [125 119 144 ...  89 105 135]
 ...
 [  0   0   0 ...   0   0   0]
 [  0   0   0 ...   0   0   0]
 [  0   0   0 ...   0   0   0]]"
Chouettes_Hiboux\XC366793,Chouette_OU_Hibou,"[[176 195 211 ... 162 159 130]
 [183 156  89 ...  92 106 134]
 [193 173 140 ... 122 132 149]
 ...
 [  0   0   0 ...   0   0   0]
 [  0   0   0 ...   0   0   0]
 [  0   0   0 ...   0   0   0]]"
Chouettes_Hiboux\XC367256,Chouette_OU_Hibou,"[[156 164 164 ... 131 161 163]
 [167 159 189 ... 239 243 254]
 [175 171 219 ... 255 254 250]
 ...
 [  0   0   0 ...   0   0   0]
 [  0   0   0 ...   0   0   0]
 [  0   0   0 ...   0   0   0]]"
Chouettes_Hiboux\XC368289,Chouette_OU_Hibou,"[[164 205 200 ...  96 127 170]
 [255 255 231 ... 158 182 172]
 [249 254 229 ... 153 185 189]
 ...
 [  0   0   0 ...   0   0   0]
 [  0   0   0 ...   0   0   0]
 [  0   0   0 ...   0   0   0]]"
Chouettes_Hiboux\XC368855,Chouette_OU_Hibou,"[[212 202 181 ... 124 137 176]
 [156 182 164 ... 127 133 175]
 [126 127 115 ... 117 137 178]
 ...
 [  0   0   0 ...   0   0   0]
 [  0   0   0 ...   0   0   0]
 [  0   0   0 ...   0   0   0]]"
Chouettes_Hiboux\XC368856,Chouette_OU_Hibou,"[[235 237 255 ... 233 215 214]
 [148 134 113 ... 141 140 126]
 [132  90  97 ... 150 143 122]
 ...
 [  0   0   0 ...   0   0   0]
 [  0   0   0 ...   0   0   0]
 [  0   0   0 ...   0   0   0]]"
Chouettes_Hiboux\XC370387,Chouette_OU_Hibou,"[[233 255 255 ... 255 254 255]
 [254 243 218 ... 234 236 239]
 [253 233 201 ... 185 216 229]
 ...
 [  0   0   0 ...   0   0   0]
 [  0   0   0 ...   0   0   0]
 [  0   0   0 ...   0   0   0]]"
Chouettes_Hiboux\XC375201,Chouette_OU_Hibou,"[[214 204 212 ... 231 253 255]
 [196 189 202 ... 249 241 237]
 [175 180 172 ... 255 254 218]
 ...
 [  0   0   0 ...   0   0   0]
 [  0   0   0 ...   0   0   0]
 [  0   0   0 ...   0   0   0]]"
Chouettes_Hiboux\XC379544,Chouette_OU_Hibou,"[[183 184 195 ... 172 196 208]
 [208 218 212 ... 216 222 225]
 [197 242 244 ... 252 254 252]
 ...
 [  0   0   0 ...   0   0   2]
 [  0   0   0 ...   0   0   2]
 [  0   0   0 ...   0   0   2]]"
Chouettes_Hiboux\XC380761,Chouette_OU_Hibou,"[[160 145 154 ...  75  80 132]
 [195 152 150 ...  98 102 141]
 [242 204 193 ... 138 133 149]
 ...
 [  0   0   0 ...   0   0   0]
 [  0   0   0 ...   0   0   0]
 [  0   0   0 ...   0   0   0]]"
Chouettes_Hiboux\XC381118,Chouette_OU_Hibou,"[[196 176 219 ... 186 197 210]
 [212 174 212 ... 172 179 209]
 [224 217 234 ... 186 178 207]
 ...
 [  0   0   0 ...   0   0   0]
 [  0   0   0 ...   0   0   0]
 [  0   0   0 ...   0   0   0]]"
Chouettes_Hiboux\XC383130,Chouette_OU_Hibou,"[[203 254 253 ... 225 253 254]
 [242 255 252 ... 246 248 252]
 [242 233 235 ... 248 254 248]
 ...
 [  0   0   0 ...   0   0   0]
 [  0   0   0 ...   0   0   0]
 [  0   0   0 ...   0   0   0]]"
Chouettes_Hiboux\XC383332,Chouette_OU_Hibou,"[[117  87   0 ...   0  19  71]
 [120  89   0 ...   0  21  73]
 [119  88   0 ...   0  20  71]
 ...
 [  0   0   0 ...   0   0   0]
 [  0   0   0 ...   0   0   0]
 [  0   0   0 ...   0   0   0]]"
Chouettes_Hiboux\XC383434,Chouette_OU_Hibou,"[[213 186 177 ... 166 200 201]
 [233 212 194 ... 204 191 154]
 [251 230 218 ... 219 208 199]
 ...
 [  0   0   0 ...   0   0   0]
 [  0   0   0 ...   0   0   0]
 [  0   0   0 ...   0   0   0]]"
Chouettes_Hiboux\XC384003,Chouette_OU_Hibou,"[[255 245 237 ... 249 244 243]
 [242 255 243 ... 255 255 224]
 [230 242 230 ... 251 252 244]
 ...
 [  0   0   0 ...   0   0   0]
 [  0   0   0 ...   0   0   0]
 [  0   0   0 ...   0   0   0]]"
Chouettes_Hiboux\XC384034,Chouette_OU_Hibou,"[[177 189 201 ... 196 206 209]
 [146 131  87 ... 115 162 198]
 [148 129  66 ...  79 136 165]
 ...
 [  0   0   0 ...   0   0   0]
 [  0   0   0 ...   0   0   0]
 [  0   0   0 ...   0   0   0]]"
Chouettes_Hiboux\XC387173,Chouette_OU_Hibou,"[[238 234 213 ... 254 241 246]
 [255 255 254 ... 254 255 255]
 [235 247 244 ... 214 231 219]
 ...
 [  0   0   0 ...   0   0   0]
 [  0   0   0 ...   0   0   0]
 [  0   0   0 ...   0   0   0]]"
Chouettes_Hiboux\XC389693,Chouette_OU_Hibou,"[[168 194 184 ... 215 117 133]
 [168 223 229 ... 240 142 122]
 [159 211 240 ... 250 162 155]
 ...
 [  0   0   0 ...   0   0   0]
 [  0   0   0 ...   0   0   0]
 [  0   0   0 ...   0   0   0]]"
Chouettes_Hiboux\XC389995,Chouette_OU_Hibou,"[[254 246 244 ... 248 232 223]
 [234 254 255 ... 253 255 254]
 [232 243 252 ... 254 250 232]
 ...
 [  0   0   0 ...   0   0   0]
 [  0   0   0 ...   0   0   0]
 [  0   0   0 ...   0   0   0]]"
Chouettes_Hiboux\XC390824,Chouette_OU_Hibou,"[[254 255 254 ... 255 254 255]
 [200 183 176 ... 185 193 215]
 [198 186 182 ... 201 193 207]
 ...
 [  0   0   0 ...   0   0   0]
 [  0   0   0 ...   0   0   0]
 [  0   0   0 ...   0   0   0]]"
Chouettes_Hiboux\XC390825,Chouette_OU_Hibou,"[[255 255 255 ... 255 255 255]
 [191 208 211 ... 186 196 190]
 [201 209 209 ... 189 209 190]
 ...
 [  0   0   0 ...   0   0   0]
 [  0   0   0 ...   0   0   0]
 [  0   0   0 ...   0   0   0]]"
Chouettes_Hiboux\XC391395,Chouette_OU_Hibou,"[[201 178 159 ...  86 111 148]
 [168 195 220 ... 122 119 162]
 [211 245 255 ... 143 132 161]
 ...
 [  0   0   0 ...   0   0   0]
 [  0   0   0 ...   0   0   0]
 [  0   0   0 ...   0   0   0]]"
Chouettes_Hiboux\XC391398,Chouette_OU_Hibou,"[[187 192 197 ... 143 132 148]
 [191 187 200 ... 181 164 155]
 [181 176 196 ... 178 182 154]
 ...
 [  0   0   0 ...   0   0   0]
 [  0   0   0 ...   0   0   0]
 [  0   0   0 ...   0   0   0]]"
Chouettes_Hiboux\XC391719,Chouette_OU_Hibou,"[[211 184 214 ... 123 140 150]
 [175 186 178 ... 121 118 109]
 [205 202 162 ...  80  75 109]
 ...
 [  0   0   0 ...   0   0   0]
 [  0   0   0 ...   0   0   0]
 [  0   0   0 ...   0   0   0]]"
Chouettes_Hiboux\XC391754,Chouette_OU_Hibou,"[[133 141 145 ... 207 203 204]
 [149 139 146 ... 160 163 212]
 [182 154 165 ... 113 158 209]
 ...
 [  0   0   0 ...   0   0   0]
 [  0   0   0 ...   0   0   0]
 [  0   0   0 ...   0   0   0]]"
Chouettes_Hiboux\XC392102,Chouette_OU_Hibou,"[[133 119  21 ...   0 105 127]
 [135 121  78 ...  88 107 128]
 [132 117  80 ... 106 109 128]
 ...
 [  0   0   0 ...   0   0   0]
 [  0   0   0 ...   0   0   0]
 [  0   0   0 ...   0   0   0]]"
Chouettes_Hiboux\XC395629,Chouette_OU_Hibou,"[[144 136 160 ... 150 125 143]
 [158 146 125 ... 122 103  87]
 [160 150 111 ...  84  71  62]
 ...
 [  0   0   0 ...   0   0   0]
 [  0   0   0 ...   0   0   0]
 [  0   0   0 ...   0   0   0]]"
Chouettes_Hiboux\XC402961,Chouette_OU_Hibou,"[[114  86   0 ...   0  94 138]
 [119  90   0 ...   0  98 141]
 [119  92   0 ...   0  97 141]
 ...
 [  0   0   0 ...   0   0   0]
 [  0   0   0 ...   0   0   0]
 [  0   0   0 ...   0   0   0]]"
Chouettes_Hiboux\XC404628,Chouette_OU_Hibou,"[[156 151 156 ... 197 204 184]
 [227 216 192 ... 224 230 243]
 [255 247 224 ... 232 222 255]
 ...
 [  0   0   0 ...   0   0   0]
 [  0   0   0 ...   0   0   0]
 [  0   0   0 ...   0   0   0]]"
Chouettes_Hiboux\XC405771,Chouette_OU_Hibou,"[[ 86 152 137 ...  90 112 149]
 [244 242 208 ... 143 149 136]
 [248 247 206 ... 126 143 150]
 ...
 [  0   0   0 ...   0   0   0]
 [  0   0   0 ...   0   0   0]
 [  0   0   0 ...   0   0   0]]"
Chouettes_Hiboux\XC408876,Chouette_OU_Hibou,"[[ 0  0  0 ...  0  0 50]
 [ 0  0  0 ...  0  0 54]
 [ 0  0  0 ...  0  0 53]
 ...
 [ 0  0  0 ...  0  0  0]
 [ 0  0  0 ...  0  0  0]
 [ 0  0  0 ...  0  0  0]]"
Chouettes_Hiboux\XC410888,Chouette_OU_Hibou,"[[139 101  39 ...   0  37  90]
 [148 106   2 ...   3  22  91]
 [140  98  33 ...   0  27  87]
 ...
 [  0   0   0 ...   0   0   0]
 [  0   0   0 ...   0   0   0]
 [  0   0   0 ...   0   0   0]]"
Chouettes_Hiboux\XC413556,Chouette_OU_Hibou,"[[139 135 136 ...  89  82  87]
 [138 158 153 ... 113 109  90]
 [142 174 186 ... 138 133  86]
 ...
 [  0   0   0 ...   0   0   0]
 [  0   0   0 ...   0   0   0]
 [  0   0   0 ...   0   0   0]]"
Chouettes_Hiboux\XC413557,Chouette_OU_Hibou,"[[29  0  0 ...  0 28 82]
 [48 11  0 ... 24 32 77]
 [32 31  0 ... 89 53 84]
 ...
 [ 0  0  0 ...  0  0  0]
 [ 0  0  0 ...  0  0  0]
 [ 0  0  0 ...  0  0  0]]"
Chouettes_Hiboux\XC413729,Chouette_OU_Hibou,"[[114 113 113 ... 105 121 153]
 [ 75  53   6 ...  27 127 154]
 [ 96  73  41 ...  48 129 155]
 ...
 [  0   0   0 ...   0   0   0]
 [  0   0   0 ...   0   0   0]
 [  0   0   0 ...   0   0   0]]"
Chouettes_Hiboux\XC417557,Chouette_OU_Hibou,"[[179 181 181 ... 245 245 242]
 [175 177 198 ... 255 255 250]
 [180 169 203 ... 243 254 229]
 ...
 [  0   0   0 ...   0   0   0]
 [  0   0   0 ...   0   0   0]
 [  0   0   0 ...   0   0   0]]"
Chouettes_Hiboux\XC419947,Chouette_OU_Hibou,"[[193 209 227 ... 181 174 189]
 [198 208 220 ... 202 189 160]
 [191 214 223 ... 196 166 166]
 ...
 [  0   0   0 ...   0   0   0]
 [  0   0   0 ...   0   0   0]
 [  0   0   0 ...   0   0   0]]"
Chouettes_Hiboux\XC422464,Chouette_OU_Hibou,"[[  0  34  52 ...  58  58  31]
 [  0  61  72 ...  37  57 117]
 [  0  42  93 ...  35  64 158]
 ...
 [  0   0   0 ...   0   0   0]
 [  0   0   0 ...   0   0   0]
 [  0   0   0 ...   0   0   0]]"
Chouettes_Hiboux\XC422466,Chouette_OU_Hibou,"[[  0   0  28 ...  70  39  42]
 [  0  34  35 ...  87  33  98]
 [  8 102 108 ... 141 110 138]
 ...
 [  0   0   0 ...   0   0   0]
 [  0   0   0 ...   0   0   0]
 [  0   0   0 ...   0   0   0]]"
Chouettes_Hiboux\XC425120,Chouette_OU_Hibou,"[[100  89  67 ...  93  50 121]
 [ 97  90  71 ... 112 134 149]
 [ 83  98  85 ... 137 148 142]
 ...
 [  0   0   0 ...   0   0   0]
 [  0   0   0 ...   0   0   0]
 [  0   0   0 ...   0   0   0]]"
Chouettes_Hiboux\XC428282,Chouette_OU_Hibou,"[[ 89  52  21 ...  49  62  77]
 [ 96  59  44 ...  72  49  81]
 [105  68  58 ...  88  82  83]
 ...
 [ 39   0   0 ...   0   0   0]
 [ 38   0   0 ...   0   0   0]
 [ 38   0   0 ...   0   0   0]]"
Chouettes_Hiboux\XC428734,Chouette_OU_Hibou,"[[163 217 248 ... 146 170 177]
 [215 247 249 ... 197 173 174]
 [244 252 220 ... 196 187 172]
 ...
 [  0   0   0 ...   0   0   0]
 [  0   0   0 ...   0   0   0]
 [  0   0   0 ...   0   0   0]]"
Chouettes_Hiboux\XC430015,Chouette_OU_Hibou,"[[149 124   0 ...   0  33  43]
 [151 127   0 ...   0  36  46]
 [150 126   0 ...   0  35  45]
 ...
 [  0   0   0 ...   0   0   9]
 [  0   0   0 ...   0   0   9]
 [  0   0   0 ...   0   0   9]]"
Chouettes_Hiboux\XC430726,Chouette_OU_Hibou,"[[202 175 124 ... 137 145 162]
 [207 183 109 ... 138 145 180]
 [207 183 119 ... 176 186 200]
 ...
 [  0   0   0 ...   0   0   0]
 [  0   0   0 ...   0   0   0]
 [  0   0   0 ...   0   0   0]]"
Chouettes_Hiboux\XC430783,Chouette_OU_Hibou,"[[ 83  72  51 ...  55  64 128]
 [ 99  71   0 ...   0  66 121]
 [106  77   0 ...   0  55 116]
 ...
 [  0   0   0 ...   0   0   0]
 [  0   0   0 ...   0   0   0]
 [  0   0   0 ...   0   0   0]]"
Chouettes_Hiboux\XC432233,Chouette_OU_Hibou,"[[ 80  84 114 ... 170 145 109]
 [ 96 113 168 ... 167 150 120]
 [119 138 171 ... 161 151 120]
 ...
 [  0   0   0 ...   0   0   0]
 [  0   0   0 ...   0   0   0]
 [  0   0   0 ...   0   0   0]]"
Chouettes_Hiboux\XC433223,Chouette_OU_Hibou,"[[164 133 118 ... 171 181 192]
 [166 151 143 ... 211 206 242]
 [155 171 172 ... 254 255 253]
 ...
 [  0   0   0 ...   0   0   0]
 [  0   0   0 ...   0   0   0]
 [  0   0   0 ...   0   0   0]]"
Chouettes_Hiboux\XC434218,Chouette_OU_Hibou,"[[199 224 225 ... 223 223 215]
 [187 167 140 ... 142 133 151]
 [215 198 177 ... 189 179 165]
 ...
 [  0   0   0 ...   0   0   0]
 [  0   0   0 ...   0   0   0]
 [  0   0   0 ...   0   0   0]]"
Chouettes_Hiboux\XC434219,Chouette_OU_Hibou,"[[255 254 255 ... 168 168 176]
 [144 125 106 ...  95  88 125]
 [112 103 110 ...  72  83 123]
 ...
 [  0   0   0 ...   0   0   0]
 [  0   0   0 ...   0   0   0]
 [  0   0   0 ...   0   0   0]]"
Chouettes_Hiboux\XC436820,Chouette_OU_Hibou,"[[118 103  62 ...  86  76 109]
 [121 105 117 ... 142 119  92]
 [139 130 115 ... 150 117  87]
 ...
 [  0   0   0 ...   0   0   0]
 [  0   0   0 ...   0   0   0]
 [  0   0   0 ...   0   0   0]]"
Chouettes_Hiboux\XC436986,Chouette_OU_Hibou,"[[102  58  45 ...  36 125 152]
 [ 80  39   0 ...   0 127 154]
 [ 55  37  12 ...   9 126 153]
 ...
 [  0   0   0 ...   0   0   0]
 [  0   0   0 ...   0   0   0]
 [  0   0   0 ...   0   0   0]]"
Chouettes_Hiboux\XC436990,Chouette_OU_Hibou,"[[196 211 213 ... 204 195 199]
 [188 168 135 ... 157 127 133]
 [196 186 176 ... 186 168 144]
 ...
 [  0   0   0 ...   0   0   0]
 [  0   0   0 ...   0   0   0]
 [  0   0   0 ...   0   0   0]]"
Chouettes_Hiboux\XC444651,Chouette_OU_Hibou,"[[254 255 255 ... 251 255 255]
 [224 227 245 ... 255 242 252]
 [195 204 234 ... 247 222 212]
 ...
 [  0   0   0 ...   0   0   0]
 [  0   0   0 ...   0   0   0]
 [  0   0   0 ...   0   0   0]]"
Chouettes_Hiboux\XC446889,Chouette_OU_Hibou,"[[131 104 103 ... 123 122 122]
 [170 154 147 ... 163 159 131]
 [210 201 204 ... 214 214 208]
 ...
 [  0   0   0 ...   0   0   0]
 [  0   0   0 ...   0   0   0]
 [  0   0   0 ...   0   0   0]]"
Chouettes_Hiboux\XC446964,Chouette_OU_Hibou,"[[205 197 154 ... 179 183 160]
 [225 224 208 ... 226 227 199]
 [226 242 221 ... 254 244 239]
 ...
 [  0   0   0 ...   0   0   0]
 [  0   0   0 ...   0   0   0]
 [  0   0   0 ...   0   0   0]]"
Chouettes_Hiboux\XC447012,Chouette_OU_Hibou,"[[184 166  57 ...  88 141 192]
 [190 172 113 ... 138 155 206]
 [187 180 175 ... 194 204 226]
 ...
 [  0   0   0 ...   0   0   0]
 [  0   0   0 ...   0   0   0]
 [  0   0   0 ...   0   0   0]]"
Chouettes_Hiboux\XC448849,Chouette_OU_Hibou,"[[180 158 150 ... 213 193 164]
 [156 138 124 ... 203 155 171]
 [128 109 115 ... 230 180 176]
 ...
 [  0   0   0 ...   0   0   0]
 [  0   0   0 ...   0   0   0]
 [  0   0   0 ...   0   0   0]]"
Chouettes_Hiboux\XC448850,Chouette_OU_Hibou,"[[184 197 199 ... 146 130 149]
 [153 180 203 ... 129 116 106]
 [150 172 198 ...  91 101  92]
 ...
 [  0   0   0 ...   0   0   0]
 [  0   0   0 ...   0   0   0]
 [  0   0   0 ...   0   0   0]]"
Chouettes_Hiboux\XC450532,Chouette_OU_Hibou,"[[237 236 234 ... 160 170 209]
 [254 254 254 ... 195 190 205]
 [222 222 229 ... 205 210 191]
 ...
 [  0   0   0 ...   0   0   0]
 [  0   0   0 ...   0   0   0]
 [  0   0   0 ...   0   0   0]]"
Chouettes_Hiboux\XC450533,Chouette_OU_Hibou,"[[144 115  42 ...   0  47 100]
 [150 126  86 ...  57  61 110]
 [153 125  86 ...  82  84 133]
 ...
 [  0   0   0 ...   0   0   0]
 [  0   0   0 ...   0   0   0]
 [  0   0   0 ...   0   0   0]]"
Chouettes_Hiboux\XC450919,Chouette_OU_Hibou,"[[254 255 255 ... 254 255 255]
 [238 242 250 ... 217 224 238]
 [196 203 215 ... 192 185 173]
 ...
 [  0   0   0 ...   0   0   0]
 [  0   0   0 ...   0   0   0]
 [  0   0   0 ...   0   0   0]]"
Chouettes_Hiboux\XC451864,Chouette_OU_Hibou,"[[192 105  65 ...  74  94 139]
 [199 115  81 ... 109 116 173]
 [219 127  87 ... 134 134 186]
 ...
 [  0   0   0 ...   0   0   0]
 [  0   0   0 ...   0   0   0]
 [  0   0   0 ...   0   0   0]]"
Chouettes_Hiboux\XC451898,Chouette_OU_Hibou,"[[105  98  82 ... 135 150 146]
 [106 124 130 ... 167 174 115]
 [123 112 126 ... 150 157 165]
 ...
 [  0   0   0 ...   0   0   0]
 [  0   0   0 ...   0   0   0]
 [  0   0   0 ...   0   0   0]]"
Chouettes_Hiboux\XC457078,Chouette_OU_Hibou,"[[254 254 254 ... 255 248 232]
 [236 253 255 ... 254 254 255]
 [188 209 221 ... 229 240 243]
 ...
 [  0   0   0 ...   0   0   0]
 [  0   0   0 ...   0   0   0]
 [  0   0   0 ...   0   0   0]]"
Chouettes_Hiboux\XC459594,Chouette_OU_Hibou,"[[255 255 255 ... 255 255 255]
 [161 175 179 ... 155 167 190]
 [156 176 182 ... 179 195 201]
 ...
 [  0   0   0 ...   0   0   0]
 [  0   0   0 ...   0   0   0]
 [  0   0   0 ...   0   0   0]]"
Chouettes_Hiboux\XC462420,Chouette_OU_Hibou,"[[178 189 186 ... 166 179 204]
 [175 184 201 ... 163 173 226]
 [159 207 222 ... 204 211 244]
 ...
 [  0   0   0 ...   0   0   0]
 [  0   0   0 ...   0   0   0]
 [  0   0   0 ...   0   0   0]]"
Chouettes_Hiboux\XC462421,Chouette_OU_Hibou,"[[182 200 203 ... 207 204 205]
 [167 173 188 ... 235 223 201]
 [212 219 219 ... 255 239 203]
 ...
 [  0   0   0 ...   0   0   0]
 [  0   0   0 ...   0   0   0]
 [  0   0   0 ...   0   0   0]]"
Chouettes_Hiboux\XC464508,Chouette_OU_Hibou,"[[120 102   0 ...   0   0   0]
 [123 105   0 ...   0   0   0]
 [123 105   0 ...   0   0   0]
 ...
 [  0   0   0 ...   0   0   0]
 [  0   0   0 ...   0   0   0]
 [  0   0   0 ...   0   0   0]]"
Chouettes_Hiboux\XC469878,Chouette_OU_Hibou,"[[252 253 247 ... 238 245 255]
 [255 255 255 ... 255 255 242]
 [217 215 220 ... 238 236 249]
 ...
 [  0   0   0 ...   0   0   0]
 [  0   0   0 ...   0   0   0]
 [  0   0   0 ...   0   0   0]]"
Chouettes_Hiboux\XC476571,Chouette_OU_Hibou,"[[200 214 218 ... 224 190 172]
 [218 224 246 ... 252 206 215]
 [210 237 251 ... 251 237 234]
 ...
 [  0   0   0 ...   0   0   0]
 [  0   0   0 ...   0   0   0]
 [  0   0   0 ...   0   0   0]]"
Chouettes_Hiboux\XC483028,Chouette_OU_Hibou,"[[184 139  91 ...  79  59  37]
 [197 162 123 ...  89  80  79]
 [209 163 163 ... 109 107 115]
 ...
 [  0   0   0 ...   0   0   0]
 [  0   0   0 ...   0   0   0]
 [  0   0   0 ...   0   0   0]]"
Chouettes_Hiboux\XC486569,Chouette_OU_Hibou,"[[229 192 159 ... 254 255 254]
 [226 198 168 ... 241 216 228]
 [188 172 177 ... 216 186 185]
 ...
 [  0   0   0 ...   0   0   0]
 [  0   0   0 ...   0   0   0]
 [  0   0   0 ...   0   0   0]]"
Chouettes_Hiboux\XC486570,Chouette_OU_Hibou,"[[111 160 172 ... 224 210 211]
 [124 146 155 ... 209 191 154]
 [134 127 143 ... 161 173 173]
 ...
 [ 30  26   0 ...   0   0   0]
 [ 30  26   0 ...   0   0   0]
 [ 30  25   0 ...   0   0   0]]"
Chouettes_Hiboux\XC48734,Chouette_OU_Hibou,"[[ 97  89 113 ... 181 163 111]
 [ 85  80 108 ... 203 174  81]
 [104 101  98 ... 190 160 110]
 ...
 [  0   0   0 ...   0   0   0]
 [  0   0   0 ...   0   0   0]
 [  0   0   0 ...   0   0   0]]"
Chouettes_Hiboux\XC494421,Chouette_OU_Hibou,"[[206 212 219 ... 204 216 195]
 [199 227 230 ... 211 196 196]
 [198 202 210 ... 201 190 157]
 ...
 [ 45   0   0 ...   0   0   0]
 [ 45   0   0 ...   0   0   0]
 [ 45   0   0 ...   0   0   0]]"
Chouettes_Hiboux\XC494579,Chouette_OU_Hibou,"[[167 191 177 ... 228 213 170]
 [168 195 189 ... 217 203 183]
 [183 182 160 ... 189 174 180]
 ...
 [  0   0   0 ...   0   0   0]
 [  0   0   0 ...   0   0   0]
 [  0   0   0 ...   0   0   0]]"
Chouettes_Hiboux\XC498643,Chouette_OU_Hibou,"[[ 59  34   0 ...   0 107 138]
 [ 67  61  41 ...  12 110 140]
 [ 43  26  64 ...  28 107 138]
 ...
 [  0   0   0 ...   0   0   0]
 [  0   0   0 ...   0   0   0]
 [  0   0   0 ...   0   0   0]]"
Chouettes_Hiboux\XC498644,Chouette_OU_Hibou,"[[  0   0   0 ...   0 119 156]
 [  0   3   0 ...   0 121 158]
 [  0  28  32 ...   0 121 158]
 ...
 [  0   0   0 ...   0   0   0]
 [  0   0   0 ...   0   0   0]
 [  0   0   0 ...   0   0   0]]"
Chouettes_Hiboux\XC498645,Chouette_OU_Hibou,"[[133  96   0 ...   0  19  81]
 [142 107  15 ...  26  39  82]
 [149 115  64 ...  36  58  92]
 ...
 [  0   0   0 ...   0   0   0]
 [  0   0   0 ...   0   0   0]
 [  0   0   0 ...   0   0   0]]"
Chouettes_Hiboux\XC503347,Chouette_OU_Hibou,"[[179 167 122 ... 108 143 179]
 [179 162 141 ... 148 169 190]
 [203 197 178 ... 168 157 193]
 ...
 [  0   0   0 ...   0   0   0]
 [  0   0   0 ...   0   0   0]
 [  0   0   0 ...   0   0   0]]"
Chouettes_Hiboux\XC51619,Chouette_OU_Hibou,"[[137 157 152 ...  91 117 165]
 [107  78   0 ...   0 122 166]
 [105  75   0 ...   1 121 165]
 ...
 [  0   0   0 ...   0   0   0]
 [  0   0   0 ...   0   0   0]
 [  0   0   0 ...   0   0   0]]"
Chouettes_Hiboux\XC51758,Chouette_OU_Hibou,"[[254 255 255 ... 225 253 254]
 [249 238 237 ... 223 252 254]
 [224 193 179 ... 190 213 240]
 ...
 [  0   0   0 ...   0   0   0]
 [  0   0   0 ...   0   0   0]
 [  0   0   0 ...   0   0   0]]"
Chouettes_Hiboux\XC51759,Chouette_OU_Hibou,"[[255 255 254 ... 255 254 255]
 [249 246 252 ... 250 241 239]
 [219 204 207 ... 201 185 201]
 ...
 [  0   0   0 ...   0   0   0]
 [  0   0   0 ...   0   0   0]
 [  0   0   0 ...   0   0   0]]"
